idInventario,idEstrato,idEspecie,idCobertura
33,1,90,1
33,1,94,1
33,1,98,1
33,1,125,1
33,1,161,1
33,1,168,3
33,1,189,1
33,1,202,5
33,1,207,5
33,1,220,1
33,1,232,2
33,1,244,1
33,1,259,1
33,1,280,1
33,1,286,3
33,1,309,1
33,1,320,1
33,1,349,1
33,1,380,3
33,1,434,4
33,1,440,1
33,1,442,5
33,1,443,1
33,1,469,1
33,1,505,1
33,1,523,3
33,1,546,6
33,1,566,1
33,2,165,1
33,2,202,1
33,2,537,1
33,3,207,3
33,3,343,5
33,3,344,3
33,3,356,1
33,3,357,1
33,3,455,1
33,3,457,1
33,3,483,1
33,4,457,1
33,5,457,1
34,1,90,5
34,1,125,5
34,1,132,1
34,1,168,1
34,1,234,1
34,1,280,1
34,1,314,1
34,1,353,1
34,1,380,1
34,1,397,1
34,1,434,1
34,1,440,1
34,1,442,3
34,1,469,1
34,1,502,1
34,1,505,1
34,1,546,5
34,1,584,3
34,2,202,7
34,2,270,3
34,3,202,1
34,3,270,1
34,3,343,3
34,3,356,1
34,3,455,1
34,4,343,1
35,1,98,3
35,1,161,1
35,1,189,1
35,1,212,1
35,1,232,1
35,1,259,3
35,1,286,3
35,1,307,1
35,1,320,1
35,1,364,1
35,1,380,2
35,1,440,1
35,1,469,1
35,1,485,1
35,1,505,1
35,1,523,1
35,1,549,1
35,2,207,1
35,2,343,1
35,2,356,1
35,2,537,7
35,2,547,7
35,3,207,1
35,3,343,7
35,3,344,5
35,3,455,1
35,4,343,1
35,4,456,1
36,1,90,1
36,1,98,1
36,1,143,1
36,1,152,2
36,1,168,1
36,1,189,1
36,1,207,2
36,1,231,1
36,1,280,2
36,1,286,1
36,1,289,1
36,1,320,1
36,1,344,1
36,1,349,1
36,1,353,1
36,1,380,2
36,1,389,1
36,1,394,1
36,1,411,1
36,1,434,3
36,1,442,1
36,1,458,1
36,1,469,1
36,1,485,1
36,1,523,1
36,1,537,1
36,1,546,1
36,1,547,5
36,1,548,1
36,1,549,1
36,1,566,1
36,2,343,1
36,2,454,1
36,2,455,2
36,2,456,1
36,2,457,1
36,2,534,1
36,2,537,1
36,3,456,3
36,3,457,3
36,4,456,3
36,4,457,5
36,5,456,1
36,5,457,1
37,1,90,5
37,1,94,1
37,1,120,5
37,1,125,1
37,1,144,1
37,1,159,1
37,1,168,4
37,1,231,1
37,1,234,1
37,1,307,1
37,1,407,4
37,1,411,1
37,1,440,1
37,1,442,4
37,1,445,1
37,1,485,1
37,1,494,1
37,1,505,1
37,1,522,1
37,1,537,1
37,1,546,3
37,1,589,1
37,1,600,1
37,2,202,3
37,2,251,1
37,2,343,1
37,2,356,1
37,2,455,1
37,2,497,1
37,3,207,2
37,3,343,4
37,3,356,3
37,3,484,1
37,4,207,1
37,4,343,1
38,1,90,3
38,1,125,1
38,1,144,4
38,1,172,2
38,1,231,1
38,1,232,1
38,1,251,1
38,1,252,1
38,1,280,1
38,1,334,1
38,1,347,1
38,1,434,1
38,1,440,5
38,1,442,5
38,1,445,1
38,1,455,1
38,1,494,1
38,1,501,1
38,1,504,1
38,1,505,1
38,1,513,1
38,1,545,1
38,1,546,5
38,1,578,1
38,2,343,4
38,2,356,5
38,2,454,2
38,2,455,4
38,2,537,1
38,3,202,3
38,3,207,3
38,3,343,3
38,3,356,4
38,3,455,4
38,3,457,3
42,1,90,5
42,1,144,1
42,1,162,1
42,1,165,3
42,1,168,1
42,1,183,1
42,1,202,1
42,1,231,1
42,1,259,1
42,1,270,1
42,1,314,3
42,1,440,3
42,1,443,1
42,1,455,1
42,1,485,1
42,1,505,1
42,1,546,1
42,1,580,1
42,2,162,1
42,2,358,1
42,2,385,1
42,2,455,1
42,2,545,3
42,2,578,1
42,3,283,1
42,3,342,7
46,1,90,5
46,1,125,3
46,1,168,1
46,1,183,3
46,1,286,1
46,1,307,3
46,1,320,1
46,1,356,1
46,1,380,1
46,1,394,1
46,1,440,3
46,1,442,3
46,1,443,1
46,1,455,1
46,1,485,1
46,1,524,2
46,1,545,1
46,1,546,3
46,1,579,1
46,2,165,1
46,2,202,1
46,2,356,3
46,2,454,3
46,2,455,1
46,3,207,5
46,3,343,7
46,3,344,5
46,3,385,1
46,3,455,1
46,4,343,3
47,1,90,3
47,1,132,1
47,1,144,1
47,1,156,1
47,1,168,1
47,1,183,5
47,1,202,3
47,1,214,1
47,1,231,1
47,1,286,1
47,1,320,1
47,1,368,1
47,1,440,3
47,1,442,3
47,1,445,1
47,1,485,1
47,1,546,3
47,1,579,1
47,2,162,3
47,2,202,5
47,2,207,1
47,2,343,3
47,2,356,1
47,2,455,1
47,2,484,1
47,2,577,1
47,3,207,1
47,3,270,1
47,3,307,1
47,3,343,3
47,3,344,1
47,3,385,1
47,4,207,1
47,4,343,1
47,4,385,1
48,1,90,1
48,1,168,3
48,1,180,1
48,1,183,3
48,1,271,1
48,1,276,1
48,1,292,4
48,1,343,3
48,1,395,1
48,1,440,1
48,1,442,1
48,1,457,1
48,1,502,3
48,1,513,1
48,1,523,1
48,1,572,1
48,2,90,5
48,2,356,3
48,2,537,3
48,3,202,1
48,3,207,3
48,3,343,7
48,3,356,3
48,4,101,1
48,4,343,1
48,4,456,1
48,4,457,1
49,1,90,6
49,1,120,1
49,1,183,3
49,1,231,1
49,1,244,1
49,1,259,3
49,1,307,3
49,1,314,3
49,1,397,3
49,1,440,1
49,1,443,1
49,1,485,1
49,1,545,3
49,1,546,3
49,1,584,3
49,2,270,3
49,2,578,1
49,3,342,1
49,3,343,6
49,4,343,3
50,1,90,7
50,1,144,1
50,1,161,1
50,1,168,1
50,1,183,1
50,1,231,1
50,1,232,3
50,1,283,1
50,1,284,1
50,1,307,1
50,1,440,1
50,1,442,3
50,1,485,1
50,1,505,1
50,1,546,3
50,1,577,3
50,1,584,4
50,2,162,1
50,2,270,1
50,2,577,3
50,2,584,1
50,3,159,1
50,3,207,1
50,3,283,1
50,3,343,5
50,3,356,1
50,3,358,1
50,3,455,3
50,4,159,1
50,4,207,1
50,4,343,1
50,4,385,1
51,1,90,5
51,1,144,1
51,1,168,1
51,1,216,1
51,1,308,1
51,1,440,1
51,1,442,1
51,1,485,3
51,1,501,1
51,1,523,1
51,1,545,2
51,1,546,4
51,1,578,1
51,2,159,2
51,2,343,1
51,2,356,1
51,2,454,1
51,2,455,3
51,3,190,1
51,3,343,5
51,3,356,1
51,3,455,1
52,1,90,3
52,1,120,2
52,1,144,3
52,1,158,1
52,1,168,1
52,1,195,1
52,1,249,1
52,1,251,1
52,1,286,1
52,1,308,1
52,1,314,1
52,1,347,1
52,1,397,1
52,1,407,3
52,1,440,1
52,1,442,4
52,1,445,1
52,1,485,4
52,1,545,2
52,1,546,3
52,1,566,1
52,1,579,3
52,2,251,3
52,2,343,2
52,2,356,1
52,2,455,2
52,2,484,1
52,3,159,3
52,3,343,7
53,1,90,3
53,1,120,2
53,1,127,1
53,1,144,2
53,1,165,1
53,1,168,3
53,1,195,1
53,1,267,1
53,1,297,1
53,1,314,1
53,1,407,3
53,1,427,1
53,1,440,1
53,1,442,5
53,1,455,1
53,1,497,1
53,1,546,1
53,2,454,4
53,2,584,1
53,3,207,1
53,3,343,7
53,3,358,1
54,1,120,2
54,1,144,1
54,1,168,3
54,1,297,3
54,1,329,1
54,1,394,4
54,1,408,1
54,1,427,1
54,1,440,3
54,1,442,7
54,1,485,3
54,1,497,1
54,1,500,1
54,1,531,2
54,1,546,4
54,1,568,3
54,2,162,1
54,2,251,1
54,2,270,1
54,2,455,1
54,2,505,1
54,3,159,1
54,3,343,5
54,3,356,1
55,1,90,3
55,1,120,1
55,1,144,1
55,1,168,2
55,1,183,1
55,1,232,1
55,1,251,2
55,1,297,1
55,1,329,2
55,1,394,1
55,1,440,6
55,1,442,3
55,1,485,1
55,1,546,3
55,1,568,1
55,1,584,2
55,2,455,1
55,3,207,1
55,3,343,6
55,3,356,1
56,1,90,7
56,1,120,5
56,1,168,1
56,1,174,1
56,1,212,1
56,1,307,1
56,1,323,1
56,1,349,1
56,1,407,3
56,1,440,1
56,1,442,1
56,1,485,1
56,1,546,3
56,1,584,1
56,2,191,1
56,2,578,1
56,3,135,1
56,3,343,7
56,3,356,1
56,3,358,1
56,3,455,2
56,3,484,1
56,4,343,3
59,1,120,4
59,1,144,3
59,1,168,1
59,1,313,1
59,1,348,1
59,1,394,1
59,1,407,3
59,1,442,2
59,1,445,1
59,1,455,2
59,1,485,1
59,1,500,1
59,1,545,1
59,1,546,1
59,2,90,6
59,2,485,3
59,2,584,4
59,3,159,1
59,3,207,1
59,3,343,6
59,3,356,1
60,1,90,3
60,1,120,1
60,1,144,3
60,1,168,1
60,1,251,1
60,1,297,2
60,1,302,1
60,1,324,1
60,1,348,1
60,1,407,3
60,1,440,3
60,1,442,1
60,1,443,1
60,1,445,1
60,1,485,2
60,1,497,1
60,1,545,2
60,1,546,1
60,1,568,1
60,1,584,3
60,2,343,3
60,2,455,5
60,3,207,1
60,3,343,4
60,3,356,2
60,3,358,1
60,3,455,3
61,1,90,1
61,1,120,1
61,1,144,3
61,1,183,3
61,1,251,1
61,1,270,1
61,1,324,1
61,1,408,4
61,1,442,1
61,1,443,6
61,1,445,1
61,1,485,2
61,1,524,1
61,1,545,4
61,1,546,4
61,1,558,1
61,1,566,1
61,1,568,1
61,2,159,1
61,2,207,1
61,2,342,1
61,2,343,1
61,2,358,1
61,2,385,1
61,2,455,1
61,2,578,3
61,3,159,1
61,3,342,4
61,3,343,1
61,3,385,2
62,1,90,3
62,1,120,1
62,1,144,1
62,1,183,1
62,1,300,1
62,1,314,1
62,1,394,1
62,1,442,5
62,1,455,1
62,1,485,3
62,1,500,1
62,1,524,3
62,1,545,1
62,1,546,6
62,1,568,1
62,1,578,1
62,1,584,1
62,2,343,4
62,2,356,1
62,3,207,1
62,3,343,1
62,3,358,1
62,3,385,1
63,1,90,3
63,1,135,5
63,1,144,1
63,1,159,1
63,1,183,1
63,1,202,3
63,1,427,1
63,1,442,4
63,1,485,3
63,1,497,1
63,1,523,1
63,1,545,1
63,1,546,1
63,1,584,1
63,2,135,1
63,2,202,4
63,2,356,1
63,2,455,4
63,3,343,3
63,3,358,1
64,1,135,4
64,1,183,1
64,1,202,1
64,1,348,1
64,1,440,1
64,1,455,1
64,1,485,6
64,1,545,3
64,1,546,1
64,1,566,1
64,1,584,4
64,2,270,1
64,2,455,3
64,2,541,3
64,3,159,2
64,3,343,4
64,3,356,1
64,3,358,1
64,3,550,1
65,1,90,1
65,1,120,3
65,1,135,1
65,1,144,4
65,1,168,1
65,1,174,1
65,1,195,1
65,1,231,1
65,1,297,1
65,1,394,3
65,1,440,1
65,1,442,6
65,1,443,1
65,1,445,1
65,1,455,1
65,1,485,5
65,1,494,1
65,1,500,1
65,1,546,1
65,1,584,4
65,2,202,4
65,2,270,1
65,2,545,1
65,3,343,6
65,3,356,1
65,4,343,1
66,1,135,1
66,1,144,1
66,1,270,1
66,1,300,1
66,1,313,1
66,1,483,2
66,1,494,1
66,1,545,2
66,1,577,1
66,1,584,3
66,2,135,3
66,2,159,1
66,2,202,1
66,2,343,1
66,2,455,4
66,2,578,1
66,3,159,1
66,3,202,1
66,3,224,2
66,3,343,5
66,3,356,1
66,3,455,2
66,3,457,1
67,1,90,3
67,1,314,1
67,1,443,1
67,1,454,1
67,1,485,1
67,1,524,1
67,1,541,1
67,1,545,5
67,1,546,1
67,2,135,1
67,2,342,2
67,2,356,1
67,2,455,3
67,2,577,1
67,3,159,1
67,3,342,5
67,3,385,1
68,1,90,4
68,1,144,1
68,1,162,1
68,1,168,1
68,1,251,3
68,1,440,1
68,1,442,1
68,1,445,1
68,1,485,2
68,1,494,1
68,1,500,2
68,1,524,1
68,1,526,1
68,1,545,1
68,1,546,3
68,1,558,1
68,1,584,3
68,2,343,3
68,2,356,2
68,2,454,1
68,2,455,3
68,2,577,1
68,3,207,3
68,3,343,6
68,3,358,1
68,3,484,1
69,1,90,4
69,1,156,1
69,1,168,1
69,1,183,1
69,1,231,1
69,1,314,1
69,1,440,1
69,1,443,1
69,1,455,1
69,1,485,6
69,1,524,2
69,1,545,1
69,1,546,3
69,1,566,1
69,1,578,2
69,2,159,1
69,2,343,3
69,2,455,1
69,3,207,1
69,3,343,6
69,3,454,1
69,3,578,2
70,1,347,1
70,1,394,3
70,1,545,1
70,1,546,1
70,2,456,1
70,2,584,4
70,3,135,4
70,3,202,3
70,3,207,1
70,3,224,5
70,3,356,2
70,3,358,1
70,3,359,3
70,3,454,1
70,3,457,4
70,3,578,1
70,4,224,3
70,4,343,1
70,4,457,4
71,1,125,6
71,1,145,3
71,1,172,1
71,1,180,1
71,1,207,1
71,1,212,1
71,1,234,1
71,1,252,1
71,1,286,3
71,1,434,6
71,1,523,1
71,1,533,1
71,1,537,2
71,1,546,3
71,1,547,3
71,1,566,5
71,2,183,3
71,2,283,1
71,2,454,1
71,2,483,1
71,3,101,1
71,3,207,5
71,3,356,1
71,3,358,2
71,3,365,1
71,3,457,2
71,3,483,3
71,4,207,3
71,4,252,1
71,4,343,3
71,4,456,5
71,5,333,1
71,5,456,2
72,1,90,3
72,1,119,1
72,1,125,1
72,1,130,1
72,1,143,1
72,1,147,1
72,1,168,1
72,1,172,1
72,1,183,3
72,1,212,1
72,1,234,3
72,1,251,1
72,1,252,3
72,1,286,3
72,1,289,3
72,1,329,1
72,1,394,1
72,1,434,5
72,1,440,1
72,1,442,1
72,1,457,1
72,1,469,1
72,1,496,3
72,1,513,1
72,1,523,4
72,1,537,1
72,1,546,3
72,1,566,1
72,2,202,5
72,2,343,3
72,3,207,3
72,3,343,5
72,3,358,5
72,3,454,3
72,3,456,3
72,4,456,5
72,5,456,1
72,5,457,1
73,1,183,1
73,1,259,5
73,1,271,1
73,1,279,1
73,1,286,1
73,1,289,1
73,1,315,1
73,1,320,1
73,1,356,1
73,1,368,9
73,1,372,1
73,1,380,1
73,1,394,1
73,1,434,3
73,1,440,3
73,1,469,1
73,1,485,3
73,1,523,1
73,1,546,4
73,2,207,1
73,2,283,3
73,2,343,3
73,2,344,3
73,2,484,1
73,2,533,1
73,2,537,3
73,3,207,3
73,3,283,4
73,3,343,3
73,3,454,1
73,4,343,3
73,4,456,3
73,4,457,1
73,5,456,1
74,1,90,1
74,1,156,3
74,1,168,1
74,1,251,1
74,1,259,2
74,1,286,1
74,1,313,1
74,1,320,1
74,1,348,1
74,1,440,1
74,1,442,1
74,1,485,6
74,1,494,1
74,1,502,1
74,1,505,1
74,1,546,6
74,1,584,1
74,1,589,1
74,2,159,1
74,2,162,1
74,2,202,1
74,2,271,1
74,2,309,1
74,2,356,2
74,2,358,1
74,2,380,1
74,2,455,2
74,2,577,1
74,3,133,1
74,3,343,7
74,3,485,2
74,4,207,1
74,4,343,3
75,1,90,4
75,1,120,1
75,1,124,1
75,1,159,1
75,1,183,1
75,1,231,1
75,1,300,1
75,1,313,3
75,1,408,1
75,1,440,1
75,1,443,5
75,1,445,1
75,1,485,1
75,1,505,1
75,1,522,1
75,1,546,4
75,2,578,1
75,3,342,2
76,1,168,1
76,1,202,1
76,1,212,1
76,1,320,1
76,1,348,1
76,1,393,1
76,1,407,2
76,1,408,1
76,1,455,1
76,1,459,1
76,1,485,2
76,1,497,1
76,1,500,1
76,1,537,1
76,1,547,1
76,1,566,1
76,1,584,5
76,2,135,3
76,2,202,4
76,2,356,1
76,2,455,5
76,2,550,1
76,2,578,1
76,3,135,1
76,3,207,1
76,3,224,3
76,3,356,1
76,3,455,3
76,3,483,1
77,1,99,2
77,1,212,3
77,1,241,2
77,1,339,1
77,1,439,1
77,1,445,1
77,1,455,1
77,1,477,1
77,1,516,1
77,2,138,5
77,2,202,2
77,2,366,5
77,3,135,1
77,3,224,5
77,3,483,1
78,1,138,1
78,2,99,5
78,2,296,1
78,2,310,1
78,2,477,2
79,1,310,5
79,1,477,1
80,1,440,1
80,1,459,1
80,1,477,1
80,1,512,2
80,2,135,1
80,2,138,1
80,2,202,1
80,2,212,2
80,2,224,9
80,2,296,2
80,2,356,3
80,2,359,2
80,2,408,1
80,2,454,1
80,3,207,1
80,3,283,2
80,3,457,1
81,1,310,4
81,1,448,1
81,1,477,1
81,2,99,5
82,1,310,7
82,1,477,3
83,1,144,1
83,1,152,1
83,1,183,3
83,1,202,3
83,1,442,1
83,1,485,2
83,1,545,1
83,1,546,6
83,2,90,1
83,2,156,1
83,2,207,1
83,2,212,1
83,2,251,1
83,2,394,1
83,2,408,1
83,2,434,1
83,2,500,1
83,3,133,1
83,3,207,2
83,3,343,3
83,3,356,3
83,3,358,1
83,3,454,3
83,3,457,5
83,3,483,1
83,4,454,1
83,4,457,5
83,5,456,1
83,5,457,1
84,1,165,2
84,1,183,2
84,1,244,1
84,1,252,1
84,1,384,3
84,1,408,1
84,1,434,2
84,1,454,3
84,1,543,1
84,1,545,1
84,1,546,6
84,1,558,4
84,2,207,1
84,2,454,1
84,3,101,1
84,3,454,1
84,3,457,1
85,1,168,1
85,1,259,1
85,1,279,1
85,1,434,3
85,1,440,1
85,1,442,1
85,1,495,1
85,1,496,1
85,2,324,6
85,2,529,2
86,1,98,3
86,1,152,1
86,1,168,3
86,1,189,3
86,1,212,3
86,1,259,3
86,1,279,3
86,1,353,1
86,1,397,3
86,1,440,3
86,1,442,3
86,1,469,3
86,1,587,3
86,1,589,3
86,2,257,7
86,2,324,1
86,2,407,3
86,2,529,4
87,1,124,3
87,1,130,1
87,1,228,1
87,1,256,3
87,1,259,1
87,1,279,1
87,1,283,1
87,1,353,1
87,1,397,1
87,1,407,3
87,1,440,3
87,1,469,1
87,1,558,1
87,1,589,3
87,2,239,1
87,2,257,5
87,2,324,7
87,2,486,1
88,1,90,1
88,1,98,1
88,1,125,3
88,1,259,3
88,1,286,1
88,1,442,3
88,1,443,3
88,1,546,5
88,1,566,3
88,2,344,1
88,2,407,1
88,2,523,1
88,2,547,1
88,3,333,1
88,5,333,2
89,1,90,1
89,1,125,1
89,1,156,1
89,1,161,1
89,1,212,1
89,1,214,1
89,1,259,5
89,1,286,3
89,1,320,1
89,1,353,1
89,1,394,1
89,1,411,1
89,1,434,1
89,1,440,2
89,1,442,3
89,1,443,3
89,1,469,1
89,1,483,1
89,1,523,3
89,1,546,7
89,2,183,1
89,2,344,1
89,2,358,1
89,2,547,3
89,3,202,3
89,3,344,1
89,3,356,1
89,4,207,3
89,4,343,3
89,4,456,1
91,1,98,3
91,1,168,1
91,1,189,3
91,1,212,1
91,1,232,1
91,1,259,5
91,1,271,3
91,1,279,3
91,1,286,1
91,1,320,3
91,1,353,3
91,1,380,1
91,1,422,1
91,1,434,1
91,1,439,3
91,1,502,1
91,1,546,5
91,1,549,1
91,1,566,3
91,1,589,3
91,2,533,3
91,2,537,3
91,3,454,1
91,3,483,1
91,4,133,1
91,5,333,1
91,5,456,1
92,1,90,5
92,1,125,3
92,1,168,1
92,1,286,1
92,1,298,1
92,1,389,1
92,1,440,1
92,1,546,3
92,2,202,3
92,2,483,3
92,2,545,1
92,2,547,3
92,3,202,3
92,3,207,5
92,4,343,3
92,4,456,1
92,4,457,3
92,5,456,1
93,1,125,1
93,1,172,1
93,1,183,3
93,1,212,1
93,1,329,1
93,1,408,1
93,1,434,1
93,1,500,1
93,1,523,1
93,1,566,4
93,2,191,1
93,2,202,4
93,2,358,1
93,2,454,2
93,2,483,3
93,2,537,5
93,3,207,6
93,3,252,3
93,3,283,5
93,3,343,4
93,3,356,3
93,4,343,6
93,5,456,1
94,1,90,1
94,1,125,1
94,1,165,1
94,1,168,1
94,1,183,3
94,1,234,1
94,1,245,3
94,1,286,1
94,1,348,1
94,1,434,5
94,1,442,3
94,1,443,1
94,1,546,5
94,1,584,5
94,2,162,1
94,2,202,5
94,2,257,1
94,2,356,3
94,2,455,1
94,2,457,1
94,2,537,1
94,3,207,6
94,3,343,1
94,3,344,1
94,3,356,3
94,3,454,4
94,3,457,3
94,4,207,1
94,4,343,2
94,4,456,1
95,1,90,7
95,1,94,1
95,1,125,1
95,1,147,1
95,1,156,1
95,1,172,1
95,1,183,3
95,1,231,1
95,1,244,3
95,1,251,1
95,1,289,1
95,1,329,1
95,1,349,1
95,1,353,1
95,1,368,1
95,1,422,1
95,1,434,3
95,1,440,3
95,1,502,1
95,1,546,1
95,1,584,5
95,1,587,1
95,2,162,1
95,2,202,5
95,2,257,1
95,2,457,1
95,2,547,3
95,2,584,1
95,3,207,7
95,3,343,5
95,3,356,3
95,3,454,7
95,4,343,1
95,4,454,1
95,4,456,1
95,4,457,1
96,1,90,3
96,1,125,1
96,1,168,1
96,1,183,1
96,1,251,1
96,1,440,3
96,1,442,3
96,1,546,3
96,1,584,3
96,2,90,1
96,2,162,1
96,2,183,1
96,2,202,3
96,2,356,3
96,2,457,1
96,2,483,1
96,2,584,1
96,3,202,7
96,3,207,7
96,3,343,3
96,3,454,3
96,4,207,3
96,4,343,1
96,4,456,1
96,4,457,1
97,1,90,1
97,1,125,1
97,1,144,1
97,1,168,4
97,1,212,1
97,1,231,1
97,1,232,1
97,1,251,1
97,1,271,1
97,1,434,1
97,1,440,3
97,1,442,3
97,1,454,3
97,1,469,1
97,1,485,1
97,1,497,1
97,1,546,1
97,1,547,1
97,1,584,4
97,2,202,1
97,2,601,4
97,3,207,6
97,3,343,3
97,3,454,3
97,4,207,1
97,4,343,1
97,4,483,1
98,1,94,3
98,1,98,1
98,1,125,3
98,1,168,3
98,1,172,1
98,1,183,5
98,1,226,1
98,1,234,3
98,1,259,3
98,1,271,1
98,1,286,4
98,1,309,1
98,1,343,1
98,1,353,1
98,1,363,1
98,1,389,1
98,1,394,1
98,1,422,1
98,1,440,1
98,1,457,1
98,1,469,1
98,1,523,1
98,1,546,7
98,1,549,1
98,1,572,1
98,1,589,1
98,2,183,1
98,2,202,3
98,2,207,5
98,2,283,3
98,2,343,5
98,2,344,2
98,2,455,3
98,2,512,3
98,2,547,5
98,3,207,1
98,3,283,1
98,3,343,5
98,3,344,3
98,4,456,1
99,1,125,1
99,1,165,1
99,1,168,1
99,1,212,1
99,1,234,1
99,1,239,1
99,1,259,2
99,1,271,1
99,1,286,1
99,1,289,1
99,1,309,1
99,1,313,3
99,1,363,1
99,1,377,1
99,1,380,1
99,1,394,1
99,1,421,1
99,1,434,7
99,1,440,1
99,1,546,3
99,1,572,1
99,2,183,1
99,2,364,1
99,2,546,7
99,3,207,1
99,3,283,5
99,3,343,1
99,3,454,3
99,4,343,1
100,1,90,3
100,1,94,1
100,1,125,1
100,1,156,1
100,1,161,1
100,1,168,3
100,1,183,1
100,1,189,1
100,1,207,1
100,1,234,1
100,1,259,5
100,1,271,1
100,1,279,1
100,1,286,1
100,1,289,1
100,1,320,1
100,1,343,1
100,1,368,5
100,1,394,1
100,1,422,1
100,1,434,5
100,1,440,3
100,1,442,1
100,1,469,1
100,1,485,3
100,1,523,1
100,1,533,1
100,1,546,3
100,2,168,5
100,2,207,3
100,2,283,1
100,2,343,1
100,2,484,1
100,2,532,1
100,2,537,2
100,3,207,3
100,3,283,3
100,3,343,3
100,3,356,1
100,3,358,1
100,3,484,1
100,4,283,6
100,4,343,1
100,4,456,3
100,4,457,1
100,5,283,1
100,5,456,1
101,1,168,3
101,1,172,1
101,1,239,1
101,1,259,5
101,1,271,1
101,1,317,3
101,1,343,2
101,1,368,7
101,1,411,1
101,1,434,5
101,1,440,1
101,1,443,1
101,1,477,1
101,1,483,1
101,1,485,3
101,1,523,1
101,1,546,3
101,2,207,2
101,2,484,1
101,3,283,1
101,3,358,1
101,3,454,1
101,3,457,5
101,4,207,1
101,4,343,3
101,4,356,1
101,4,456,1
102,1,125,1
102,1,161,1
102,1,168,5
102,1,251,1
102,1,252,1
102,1,259,5
102,1,279,3
102,1,286,1
102,1,323,1
102,1,368,7
102,1,394,1
102,1,411,1
102,1,434,3
102,1,440,1
102,1,469,1
102,1,523,1
102,2,162,1
102,2,202,2
102,2,239,2
102,2,343,1
102,2,457,1
102,2,534,1
102,2,537,3
102,2,547,3
102,3,207,3
102,3,283,1
102,3,356,3
102,3,454,1
102,4,456,1
103,1,90,7
103,1,125,2
103,1,212,1
103,1,234,4
103,1,264,1
103,1,276,1
103,1,286,1
103,1,347,1
103,1,434,1
103,1,440,1
103,1,442,3
103,1,443,2
103,1,497,1
103,1,500,3
103,1,523,1
103,1,546,1
103,2,202,3
103,2,207,1
103,2,343,2
103,2,356,3
103,2,454,1
103,3,202,1
103,3,207,1
103,3,343,5
103,3,455,1
103,3,457,2
103,4,343,2
103,4,457,1
104,1,90,3
104,1,119,1
104,1,125,1
104,1,144,2
104,1,152,1
104,1,162,1
104,1,168,2
104,1,195,1
104,1,212,3
104,1,234,1
104,1,256,1
104,1,286,3
104,1,347,1
104,1,434,4
104,1,440,1
104,1,442,1
104,1,443,2
104,1,485,1
104,1,492,2
104,1,502,3
104,1,523,2
104,1,537,4
104,1,546,5
104,1,547,4
104,2,159,1
104,2,202,1
104,2,251,2
104,2,454,1
104,2,483,1
104,3,202,1
104,3,207,1
104,3,343,3
104,3,356,1
104,3,457,4
104,4,343,2
104,4,457,4
105,1,90,5
105,1,152,1
105,1,156,1
105,1,161,1
105,1,165,1
105,1,168,1
105,1,183,1
105,1,231,1
105,1,252,1
105,1,259,1
105,1,279,1
105,1,284,1
105,1,286,1
105,1,307,1
105,1,314,1
105,1,320,1
105,1,377,1
105,1,380,1
105,1,391,1
105,1,394,1
105,1,422,1
105,1,427,1
105,1,440,3
105,1,442,1
105,1,443,1
105,1,484,1
105,1,485,3
105,1,523,1
105,1,545,3
105,1,546,2
105,1,559,1
105,2,455,3
105,2,578,1
105,3,207,3
105,3,342,7
105,3,343,5
105,3,344,1
105,3,356,1
105,3,385,1
106,1,90,3
106,1,156,1
106,1,161,1
106,1,189,1
106,1,259,3
106,1,286,1
106,1,307,1
106,1,309,1
106,1,380,1
106,1,394,1
106,1,422,1
106,1,440,3
106,1,469,1
106,1,524,3
106,1,546,1
106,2,443,1
106,2,477,4
106,2,532,1
106,2,537,3
106,3,207,3
106,3,342,3
106,3,343,5
106,3,344,3
106,3,457,1
107,1,89,1
107,1,98,1
107,1,168,1
107,1,271,1
107,1,309,1
107,1,320,1
107,1,368,1
107,1,373,1
107,1,380,1
107,1,394,1
107,1,422,1
107,1,469,1
107,1,523,1
107,1,589,2
107,2,125,1
107,2,156,1
107,2,161,1
107,2,234,1
107,2,259,1
107,2,363,1
107,2,364,1
107,2,439,1
107,2,440,1
107,2,533,5
107,2,537,7
107,2,546,3
107,2,547,3
107,3,207,1
107,3,283,1
107,3,456,2
107,4,207,1
107,4,456,1
107,5,456,7
107,6,456,1
108,1,90,5
108,1,94,1
108,1,132,1
108,1,168,1
108,1,183,1
108,1,259,1
108,1,271,1
108,1,279,1
108,1,286,1
108,1,309,1
108,1,320,1
108,1,349,1
108,1,353,3
108,1,368,3
108,1,394,1
108,1,422,1
108,1,440,1
108,1,464,1
108,1,485,3
108,1,523,1
108,1,546,5
108,1,549,1
108,1,558,1
108,1,568,1
108,1,589,1
108,2,165,3
108,2,202,3
108,2,343,3
108,3,202,3
108,3,207,3
108,3,283,1
108,3,343,6
108,3,344,1
108,3,356,1
108,3,455,1
108,3,485,1
108,4,456,1
109,1,90,2
109,1,216,1
109,1,252,1
109,1,286,1
109,1,308,1
109,1,408,2
109,1,440,1
109,1,485,6
109,1,523,1
109,1,566,2
109,2,358,1
109,2,455,1
109,2,578,2
109,3,342,7
109,3,343,2
110,1,90,4
110,1,135,1
110,1,183,1
110,1,204,1
110,1,249,1
110,1,300,3
110,1,313,1
110,1,314,1
110,1,422,1
110,1,440,1
110,1,443,2
110,1,462,1
110,1,485,1
110,1,512,1
110,1,523,4
110,1,541,1
110,1,546,4
110,1,577,3
110,3,135,1
110,3,165,3
110,3,342,5
110,3,343,4
110,3,356,1
110,3,385,3
111,1,94,3
111,1,119,1
111,1,125,3
111,1,143,3
111,1,148,3
111,1,234,2
111,1,257,5
111,1,260,1
111,1,286,1
111,1,348,3
111,1,392,1
111,1,414,1
111,1,434,4
111,1,440,1
111,1,442,1
111,2,172,1
111,2,267,1
111,2,324,7
111,2,497,1
111,2,537,3
111,3,456,3
111,4,283,1
111,4,343,1
111,4,456,3
111,4,483,1
111,5,283,1
111,5,456,1
112,2,90,3
112,2,98,1
112,2,125,3
112,2,143,1
112,2,147,1
112,2,168,3
112,2,172,5
112,2,207,3
112,2,212,1
112,2,279,1
112,2,286,3
112,2,291,1
112,2,333,1
112,2,389,1
112,2,394,1
112,2,434,5
112,2,440,1
112,2,454,3
112,2,456,1
112,2,469,1
112,2,523,1
112,2,537,3
112,2,546,3
112,2,547,3
112,3,202,3
112,3,207,5
112,3,356,3
112,3,454,5
112,3,456,5
112,3,457,1
112,3,483,1
112,4,456,5
112,5,333,1
112,5,456,1
112,6,456,3
113,1,168,3
113,1,212,1
113,1,227,5
113,1,259,5
113,1,271,2
113,1,279,1
113,1,368,5
113,1,394,1
113,1,434,5
113,1,440,1
113,1,456,1
113,1,512,1
113,1,546,5
113,1,547,4
113,2,141,1
113,2,172,3
113,2,537,9
113,2,547,6
113,5,456,1
114,1,168,3
114,1,185,3
114,1,211,1
114,1,240,5
114,1,259,7
114,1,279,1
114,1,407,1
114,1,434,5
114,1,440,3
114,1,492,1
114,1,497,1
114,1,512,1
114,1,546,3
114,1,555,1
114,2,172,3
114,2,257,1
114,3,239,1
114,3,456,1
115,1,168,1
115,1,179,1
115,1,212,1
115,1,231,1
115,1,241,9
115,1,376,5
115,1,442,1
115,1,547,1
115,1,555,3
116,1,161,3
116,1,168,3
116,1,240,3
116,1,241,7
116,1,338,1
116,1,353,3
116,1,368,5
116,1,376,4
116,1,442,1
116,1,456,1
116,1,475,1
116,1,477,1
116,1,496,1
116,1,516,1
116,2,138,5
116,2,497,1
117,1,168,3
117,1,172,1
117,1,259,5
117,1,368,9
117,1,394,1
117,1,434,3
117,1,456,1
117,1,457,1
117,1,523,1
117,1,546,3
117,1,572,1
117,2,239,1
117,2,283,1
117,2,408,1
117,2,516,1
117,4,207,1
117,4,456,5
117,5,456,1
118,1,90,1
118,1,98,1
118,1,156,1
118,1,161,1
118,1,168,1
118,1,172,1
118,1,189,1
118,1,207,3
118,1,252,3
118,1,259,1
118,1,279,1
118,1,286,3
118,1,309,1
118,1,349,1
118,1,368,4
118,1,372,1
118,1,439,1
118,1,440,1
118,1,469,1
118,1,505,1
118,1,523,3
118,1,546,3
118,1,549,1
118,2,207,1
118,2,343,1
118,2,356,1
118,2,537,7
118,2,547,3
118,3,202,1
118,3,207,7
118,3,343,3
118,3,344,1
118,3,356,1
118,3,456,1
118,4,207,3
118,4,343,3
118,4,456,3
118,5,456,3
119,1,168,1
119,1,339,1
119,1,353,1
119,1,368,1
119,1,376,1
119,1,408,1
119,1,411,1
119,1,439,1
119,1,442,1
119,1,477,1
119,1,496,1
119,1,516,1
119,3,90,1
119,3,224,5
119,3,356,3
119,4,456,1
120,1,130,1
120,1,141,1
120,1,143,1
120,1,172,1
120,1,212,1
120,1,257,3
120,1,324,1
120,1,363,1
120,1,407,3
120,1,419,1
120,1,434,1
120,1,442,1
120,1,486,3
120,1,497,1
120,1,512,1
120,1,546,3
120,1,582,1
120,2,456,1
120,3,456,1
120,4,456,1
121,1,168,3
121,1,172,1
121,1,201,1
121,1,231,1
121,1,234,1
121,1,259,5
121,1,260,3
121,1,279,3
121,1,353,1
121,1,434,3
121,1,443,1
121,1,444,1
121,1,546,3
121,1,547,1
121,1,552,1
121,1,582,1
121,2,257,3
121,2,324,7
121,2,456,1
121,2,547,5
121,3,456,1
121,4,456,1
122,1,124,1
122,1,168,1
122,1,184,3
122,1,211,3
122,1,231,3
122,1,245,1
122,1,271,1
122,1,279,1
122,1,397,3
122,1,398,3
122,1,434,1
122,1,442,3
122,1,486,1
122,1,505,1
122,1,546,1
122,1,547,1
122,1,558,3
122,2,257,7
122,2,324,7
123,1,124,1
123,1,168,3
123,1,184,1
123,1,211,3
123,1,212,3
123,1,256,1
123,1,292,1
123,1,363,1
123,1,368,1
123,1,398,2
123,1,407,5
123,1,440,3
123,1,505,1
123,1,546,1
123,1,589,1
123,2,257,7
123,2,324,5
124,1,124,1
124,1,168,1
124,1,228,1
124,1,231,3
124,1,257,1
124,1,260,3
124,1,271,1
124,1,279,3
124,1,323,1
124,1,353,1
124,1,407,1
124,1,440,3
124,1,442,3
124,1,486,1
124,1,497,2
124,1,546,1
124,1,589,3
124,1,601,1
124,2,257,7
124,2,324,3
126,1,120,3
126,1,159,3
126,1,172,1
126,1,244,1
126,1,259,4
126,1,260,2
126,1,279,1
126,1,320,3
126,1,353,2
126,1,397,1
126,1,407,3
126,1,442,1
126,1,455,1
126,1,456,1
126,1,469,1
126,1,497,1
126,1,546,2
126,1,589,2
126,2,257,5
126,2,324,7
127,1,158,1
127,1,184,3
127,1,324,7
127,1,407,3
127,1,546,1
127,2,168,3
127,2,184,6
127,2,211,1
127,2,231,1
127,2,259,1
127,2,291,1
127,2,363,1
127,2,407,2
127,2,440,1
127,2,492,1
127,2,512,1
127,2,546,4
128,1,120,3
128,1,168,3
128,1,179,1
128,1,184,6
128,1,188,4
128,1,232,1
128,1,259,3
128,1,276,1
128,1,324,1
128,1,368,4
128,1,397,1
128,1,407,1
128,1,440,3
128,1,492,1
128,1,558,1
129,1,125,4
129,1,159,1
129,1,168,1
129,1,172,1
129,1,202,1
129,1,207,1
129,1,212,1
129,1,259,6
129,1,260,3
129,1,271,1
129,1,320,1
129,1,353,1
129,1,397,1
129,1,407,3
129,1,434,1
129,1,440,1
129,1,442,1
129,1,455,1
129,1,456,1
129,1,469,1
129,1,546,3
129,2,257,1
129,2,324,5
129,2,537,1
129,2,547,1
129,3,202,1
130,1,98,1
130,1,125,4
130,1,153,1
130,1,189,1
130,1,207,1
130,1,211,1
130,1,212,1
130,1,234,1
130,1,252,1
130,1,279,1
130,1,283,1
130,1,286,1
130,1,320,1
130,1,343,1
130,1,353,1
130,1,434,1
130,1,440,1
130,1,455,1
130,1,500,1
130,1,546,1
130,1,547,3
130,1,566,1
130,2,532,3
130,2,537,8
130,2,547,1
130,3,207,1
130,4,133,1
130,4,333,4
130,4,343,1
130,4,457,4
130,5,333,1
131,1,161,5
131,1,168,3
131,1,188,1
131,1,232,5
131,1,259,7
131,1,276,1
131,1,279,1
131,1,306,3
131,1,370,4
131,1,397,1
131,1,533,1
132,1,188,3
132,1,368,3
132,1,370,4
132,1,500,3
132,1,507,3
133,1,90,3
133,1,125,3
133,1,144,1
133,1,161,1
133,1,168,1
133,1,172,1
133,1,183,1
133,1,191,1
133,1,211,1
133,1,231,1
133,1,234,1
133,1,251,1
133,1,271,1
133,1,276,1
133,1,279,1
133,1,286,1
133,1,329,1
133,1,347,1
133,1,402,1
133,1,415,1
133,1,434,3
133,1,442,1
133,1,500,3
133,1,537,3
133,1,546,3
133,1,547,1
133,1,568,1
133,2,162,3
133,2,202,5
133,2,207,1
133,2,343,1
133,2,356,1
133,2,454,1
133,2,457,1
133,3,207,5
133,3,343,1
133,3,356,3
133,3,358,1
133,3,454,3
133,3,456,1
133,3,457,1
133,4,343,7
133,4,456,3
133,4,457,3
133,5,456,1
133,5,457,1
134,1,141,1
134,1,143,1
134,1,191,1
134,1,207,1
134,1,211,3
134,1,212,3
134,1,234,1
134,1,257,1
134,1,279,1
134,1,434,5
134,1,443,1
134,1,469,3
134,1,523,1
134,1,546,5
134,1,558,1
134,1,568,1
134,2,90,5
134,2,162,1
134,2,183,1
134,2,202,3
134,2,251,1
134,2,454,3
134,2,537,3
134,2,546,3
134,3,202,5
134,3,356,3
134,3,455,3
134,4,456,4
134,4,457,1
134,5,456,1
135,1,90,3
135,1,125,2
135,1,162,1
135,1,168,1
135,1,172,1
135,1,183,3
135,1,191,1
135,1,251,1
135,1,289,1
135,1,368,3
135,1,434,5
135,1,440,3
135,1,442,1
135,1,546,5
135,1,547,1
135,2,239,1
135,2,454,1
135,3,101,1
135,3,202,1
135,3,207,3
135,3,343,5
135,3,356,1
135,3,455,1
135,3,456,2
135,3,457,2
135,3,485,1
135,4,343,5
135,4,456,1
135,4,483,1
136,1,143,1
136,1,251,1
136,1,286,1
136,1,388,1
136,2,90,3
136,2,125,5
136,2,144,1
136,2,162,1
136,2,168,1
136,2,234,1
136,2,257,1
136,2,356,1
136,2,434,1
136,2,455,3
136,2,523,1
136,2,537,7
136,2,546,1
136,2,547,7
136,3,202,1
136,3,207,4
136,3,356,3
136,3,358,3
136,3,454,3
136,3,455,3
136,3,456,3
136,3,457,3
136,4,456,3
136,4,457,3
136,5,456,1
136,5,457,1
137,1,90,5
137,1,125,3
137,1,147,1
137,1,172,1
137,1,279,1
137,1,286,1
137,1,389,1
137,1,434,3
137,1,440,1
137,1,469,1
137,1,483,1
137,1,523,1
137,1,537,3
137,2,202,3
137,2,455,1
137,2,537,5
137,3,207,5
137,3,356,3
137,3,358,3
137,3,454,5
137,3,455,1
137,3,456,3
137,3,457,1
137,4,456,3
137,4,457,3
137,5,456,1
137,5,457,1
138,1,156,1
138,1,172,1
138,1,202,1
138,1,212,1
138,1,214,1
138,1,232,1
138,1,251,1
138,1,259,5
138,1,368,5
138,1,372,1
138,1,434,4
138,1,440,3
138,1,469,1
138,1,485,4
138,1,546,4
138,2,183,1
138,2,202,3
138,2,457,3
138,2,532,1
138,2,537,1
138,2,547,1
138,3,183,2
138,3,207,5
138,3,343,7
138,3,356,3
138,3,454,1
138,3,456,2
138,3,457,4
138,3,483,1
138,4,207,4
138,4,456,3
138,4,457,5
138,5,456,1
139,1,90,3
139,1,125,3
139,1,145,1
139,1,147,1
139,1,152,1
139,1,153,1
139,1,156,1
139,1,165,6
139,1,168,1
139,1,183,3
139,1,202,1
139,1,251,1
139,1,252,1
139,1,279,1
139,1,286,1
139,1,297,1
139,1,320,1
139,1,329,1
139,1,434,4
139,1,440,1
139,1,442,3
139,1,454,1
139,1,523,1
139,1,546,4
139,1,568,1
139,2,153,2
139,2,191,1
139,2,202,1
139,2,454,1
139,2,457,2
139,3,101,1
139,3,202,5
139,3,207,5
139,3,343,3
139,3,344,1
139,3,356,3
139,3,358,1
139,3,365,1
139,3,483,3
139,4,343,3
139,4,456,5
139,4,457,4
139,4,483,1
140,1,119,1
140,1,125,1
140,1,161,1
140,1,172,1
140,1,207,1
140,1,212,1
140,1,234,1
140,1,257,3
140,1,259,1
140,1,286,3
140,1,356,1
140,1,434,5
140,1,440,1
140,1,523,1
140,1,537,5
140,1,546,3
140,1,547,1
140,1,566,3
140,2,183,1
140,2,207,1
140,2,333,1
140,2,532,1
140,2,537,7
140,3,207,3
140,3,283,3
140,3,356,1
140,3,497,1
140,4,283,5
140,4,456,5
140,4,457,3
140,4,483,3
140,5,283,3
140,5,456,3
140,5,457,3
141,1,98,1
141,1,125,5
141,1,145,1
141,1,168,3
141,1,172,3
141,1,179,1
141,1,212,1
141,1,279,1
141,1,306,1
141,1,358,1
141,1,434,3
141,1,497,1
141,1,512,1
141,1,513,1
141,1,523,1
141,1,546,3
141,2,161,1
141,2,267,3
141,2,286,5
141,2,392,1
141,2,533,5
141,3,207,3
141,3,358,3
141,3,456,3
141,3,547,4
141,4,456,5
141,5,456,5
142,1,98,3
142,1,125,1
142,1,161,2
142,1,168,1
142,1,172,4
142,1,231,1
142,1,234,2
142,1,259,3
142,1,271,1
142,1,279,1
142,1,286,3
142,1,368,1
142,1,434,5
142,1,440,3
142,1,469,1
142,1,523,1
142,1,531,1
142,1,546,3
142,1,547,1
142,2,191,1
142,2,202,1
142,2,207,3
142,2,239,1
142,2,537,3
142,2,547,3
142,3,207,5
142,3,356,2
142,3,358,1
142,3,456,4
142,3,457,3
142,3,483,1
142,4,207,1
142,4,252,1
142,4,456,6
142,4,457,4
142,4,483,1
142,5,456,1
142,5,457,1
142,6,456,1
143,1,90,3
143,1,125,3
143,1,161,1
143,1,212,3
143,1,232,1
143,1,289,1
143,1,434,7
143,1,440,1
143,1,469,1
143,1,546,5
143,2,90,4
143,2,234,3
143,2,455,1
143,2,500,1
143,2,537,3
143,2,584,4
143,3,202,4
143,3,207,5
143,3,356,4
143,3,358,3
143,3,454,7
144,1,120,3
144,1,144,1
144,1,168,1
144,1,211,1
144,1,212,1
144,1,347,1
144,1,407,3
144,1,440,1
144,1,442,3
144,1,500,1
144,1,584,3
144,2,202,7
144,2,207,3
144,2,343,2
144,2,356,3
144,2,454,5
144,3,343,7
144,3,358,5
144,3,455,3
144,4,207,1
144,4,343,3
145,1,90,7
145,1,120,7
145,1,144,1
145,1,356,1
145,1,442,1
145,2,202,5
145,2,207,1
145,2,356,1
145,2,455,1
145,2,484,1
145,3,202,5
145,3,207,3
145,3,356,3
145,3,358,1
145,3,454,5
145,3,455,1
145,4,207,1
145,4,456,1
145,4,457,1
146,1,90,3
146,1,120,6
146,1,143,1
146,1,144,1
146,1,212,1
146,1,216,1
146,1,234,3
146,1,251,1
146,1,255,1
146,1,279,1
146,1,289,1
146,1,356,1
146,1,358,1
146,1,397,1
146,1,415,1
146,1,440,1
146,1,442,1
146,1,500,1
146,1,501,3
146,1,505,1
146,1,546,3
146,1,584,1
146,1,589,1
146,2,202,1
146,2,343,5
146,2,454,5
146,2,455,3
146,3,207,2
146,3,343,6
147,1,162,3
147,1,191,1
147,1,202,3
147,1,271,1
147,1,343,1
147,1,440,1
147,1,454,1
147,1,505,1
147,1,578,1
147,2,90,6
147,2,125,5
147,2,144,1
147,2,251,1
147,2,286,1
147,2,537,1
147,2,546,1
147,3,202,1
147,3,207,6
147,3,343,6
147,3,356,5
147,3,358,3
147,3,454,4
147,3,455,5
147,4,207,3
147,4,343,3
148,1,90,5
148,1,125,3
148,1,144,1
148,1,202,1
148,1,211,1
148,1,415,3
148,1,513,1
148,1,523,1
148,1,537,1
148,1,584,3
148,2,90,1
148,2,162,3
148,2,202,5
148,2,343,3
148,2,454,5
148,2,484,1
148,3,207,5
148,3,343,5
148,3,356,5
148,3,358,5
148,3,454,5
148,3,457,5
148,4,343,3
148,4,457,1
149,1,168,1
149,1,172,1
149,1,211,1
149,1,212,1
149,1,286,1
149,1,434,3
149,1,456,2
149,1,537,5
149,1,546,1
149,1,547,1
149,1,566,3
149,2,183,1
149,2,207,2
149,2,356,1
149,2,484,1
149,2,537,6
149,3,183,1
149,3,207,3
149,3,252,1
149,3,356,1
149,3,358,3
149,3,359,1
149,3,456,4
149,3,457,3
149,4,207,1
149,4,456,5
149,4,457,3
149,4,484,3
149,5,333,1
149,5,456,1
150,1,125,5
150,1,172,1
150,1,207,1
150,1,212,1
150,1,286,1
150,1,434,6
150,1,440,1
150,1,445,1
150,1,484,1
150,1,537,3
150,1,546,5
150,1,547,4
150,1,566,4
150,2,207,3
150,2,356,1
150,2,537,5
150,2,547,1
150,3,207,3
150,3,356,1
150,3,456,3
150,4,207,4
150,4,456,5
150,4,457,4
150,4,484,3
150,5,333,1
150,5,456,1
150,5,457,1
150,6,456,1
151,1,125,3
151,1,143,1
151,1,145,4
151,1,161,1
151,1,168,1
151,1,172,3
151,1,207,1
151,1,211,1
151,1,212,1
151,1,234,2
151,1,286,1
151,1,323,1
151,1,329,1
151,1,389,1
151,1,434,6
151,1,500,1
151,1,523,1
151,1,533,1
151,1,537,3
151,1,546,4
151,1,547,3
151,1,566,4
151,2,191,1
151,2,207,1
151,2,252,4
151,2,356,3
151,2,537,4
151,3,207,4
151,3,356,3
151,3,456,2
151,3,457,1
151,3,483,3
151,4,207,5
151,4,456,4
151,4,457,3
151,4,483,5
151,5,333,1
151,5,456,3
151,5,457,1
151,5,484,3
152,1,145,1
152,1,161,1
152,1,168,1
152,1,172,1
152,1,259,1
152,1,279,1
152,1,434,3
152,1,469,1
152,1,523,1
152,1,537,6
152,1,546,3
152,1,547,6
152,2,537,3
152,2,547,1
152,3,207,1
152,3,456,3
152,3,457,3
152,4,456,6
152,4,457,6
152,5,456,1
153,1,168,1
153,1,271,1
153,1,286,1
153,1,394,1
153,1,434,1
153,1,512,1
153,1,523,1
153,1,533,7
153,1,546,1
153,1,566,1
153,2,168,3
153,2,202,1
153,2,537,3
153,2,547,6
153,3,207,2
153,3,356,1
153,4,207,1
153,4,456,1
153,4,484,1
153,6,456,6
154,1,98,1
154,1,125,1
154,1,141,1
154,1,143,1
154,1,144,1
154,1,145,3
154,1,161,1
154,1,172,3
154,1,212,1
154,1,231,1
154,1,271,1
154,1,279,1
154,1,286,1
154,1,394,1
154,1,434,5
154,1,440,1
154,1,469,1
154,1,523,1
154,1,537,1
154,1,546,5
154,1,547,1
154,1,566,1
154,2,202,2
154,2,343,1
154,2,356,1
154,2,456,3
154,2,533,1
154,2,537,6
154,2,547,6
154,3,207,1
154,3,456,1
155,1,90,3
155,1,125,1
155,1,143,1
155,1,144,1
155,1,158,1
155,1,168,1
155,1,172,1
155,1,211,2
155,1,212,1
155,1,231,1
155,1,252,1
155,1,271,1
155,1,279,1
155,1,389,1
155,1,419,1
155,1,434,3
155,1,442,1
155,1,456,1
155,1,546,1
155,1,547,4
155,1,558,1
155,2,183,1
155,2,257,8
155,2,283,3
155,2,324,7
155,2,456,1
155,3,207,1
155,3,283,3
155,3,343,2
155,3,358,3
155,3,454,3
155,4,343,1
156,1,98,1
156,1,152,1
156,1,161,1
156,1,168,1
156,1,179,1
156,1,212,1
156,1,232,1
156,1,252,1
156,1,259,1
156,1,271,1
156,1,289,1
156,1,364,1
156,1,434,2
156,1,469,1
156,1,512,1
156,1,523,1
156,1,546,3
156,1,566,3
156,2,202,1
156,2,343,1
156,2,356,3
156,2,532,7
156,2,537,3
156,2,547,3
156,3,207,3
156,3,343,1
156,3,356,3
156,3,483,3
156,4,207,1
156,4,456,6
156,5,333,1
156,5,456,5
157,1,168,5
157,1,179,1
157,1,188,1
157,1,232,1
157,1,254,1
157,1,271,1
157,1,380,2
157,1,394,1
157,1,400,1
157,1,434,3
157,1,443,3
157,1,546,6
157,2,533,5
157,2,547,3
158,1,125,1
158,1,161,1
158,1,168,3
158,1,172,3
158,1,179,1
158,1,212,3
158,1,259,5
158,1,279,1
158,1,324,1
158,1,368,5
158,1,434,1
158,1,440,1
158,1,512,1
158,1,546,1
158,2,537,3
158,2,547,6
159,1,98,1
159,1,161,1
159,1,168,1
159,1,172,1
159,1,207,3
159,1,212,1
159,1,259,3
159,1,286,1
159,1,363,1
159,1,368,6
159,1,377,1
159,1,380,1
159,1,394,1
159,1,422,1
159,1,438,1
159,1,440,1
159,1,456,1
159,1,469,1
159,1,523,1
159,1,532,1
159,1,546,1
159,1,547,1
159,2,165,3
159,2,372,1
159,2,456,3
159,2,532,4
159,2,533,5
159,2,537,5
159,3,101,1
159,3,207,5
159,3,252,1
159,3,343,1
159,3,356,1
159,3,454,4
159,4,207,1
159,4,343,1
159,4,456,5
159,5,456,1
160,1,165,1
160,1,172,1
160,1,183,1
160,1,259,3
160,1,286,1
160,1,363,1
160,1,368,2
160,1,377,1
160,1,422,1
160,1,440,2
160,1,442,1
160,1,469,1
160,1,523,1
160,1,524,1
160,1,537,5
160,1,546,2
160,1,547,3
160,2,207,3
160,2,357,1
160,2,454,3
160,2,484,1
160,2,537,3
160,3,207,3
160,3,343,3
160,3,357,1
160,3,456,3
160,4,283,1
160,4,456,5
160,5,456,1
161,1,98,3
161,1,143,1
161,1,147,1
161,1,161,1
161,1,168,4
161,1,172,2
161,1,202,1
161,1,232,2
161,1,259,1
161,1,260,1
161,1,279,1
161,1,286,1
161,1,320,1
161,1,368,1
161,1,411,1
161,1,434,4
161,1,440,1
161,1,442,1
161,1,452,1
161,1,469,1
161,1,500,1
161,1,546,3
161,1,566,3
161,1,587,1
161,2,125,1
161,2,252,4
161,2,356,3
161,2,532,3
161,2,537,3
161,2,547,4
161,3,101,1
161,3,162,1
161,3,207,5
161,3,344,4
161,3,356,3
161,3,358,3
161,4,344,3
161,4,456,5
161,4,457,3
161,4,483,4
161,5,333,1
161,5,456,5
161,5,457,2
161,5,483,4
161,6,456,3
162,1,98,2
162,1,143,1
162,1,161,1
162,1,168,3
162,1,172,3
162,1,179,1
162,1,211,3
162,1,238,1
162,1,252,2
162,1,259,5
162,1,271,1
162,1,279,1
162,1,286,1
162,1,303,1
162,1,434,4
162,1,440,2
162,1,442,1
162,1,469,1
162,1,492,1
162,1,532,1
162,1,546,4
162,1,568,1
162,2,145,1
162,2,153,2
162,2,320,3
162,2,368,5
162,2,394,1
162,2,523,1
162,2,537,1
162,3,153,3
162,3,202,1
162,3,207,3
162,3,252,1
162,3,356,1
162,3,358,3
162,4,101,1
162,4,456,6
162,4,483,1
162,5,456,5
162,6,456,1
163,1,98,2
163,1,161,1
163,1,168,1
163,1,172,1
163,1,177,1
163,1,189,3
163,1,197,1
163,1,212,1
163,1,214,1
163,1,259,1
163,1,279,1
163,1,310,1
163,1,356,1
163,1,369,1
163,1,434,3
163,1,443,1
163,1,469,1
163,1,480,2
163,1,547,1
163,1,566,1
163,2,532,7
163,2,533,5
163,2,534,5
163,3,356,1
163,3,358,3
163,4,207,1
163,4,456,7
163,4,483,1
163,5,333,1
163,5,456,3
163,6,456,5
164,1,145,1
164,1,161,1
164,1,179,1
164,1,188,3
164,1,212,1
164,1,232,1
164,1,238,4
164,1,259,1
164,1,276,3
164,1,279,1
164,1,289,1
164,1,292,1
164,1,306,3
164,1,307,1
164,1,368,3
164,1,370,3
164,1,397,1
164,1,469,1
164,1,474,1
164,1,480,1
164,1,500,1
164,1,508,1
164,2,238,5
164,2,477,3
165,1,98,3
165,1,168,3
165,1,189,1
165,1,211,1
165,1,240,1
165,1,252,1
165,1,279,1
165,1,365,1
165,1,368,3
165,1,434,1
165,1,440,1
165,1,442,1
165,1,443,1
165,1,469,1
165,1,546,1
165,1,566,1
165,2,135,1
165,2,183,1
165,2,202,1
165,2,547,3
165,3,183,1
165,3,191,1
165,3,207,2
165,3,283,3
165,3,333,1
165,3,356,3
165,3,454,1
165,3,483,3
165,4,283,3
165,4,333,1
165,4,456,4
165,4,457,1
165,5,333,1
166,1,119,1
166,1,168,3
166,1,179,1
166,1,212,1
166,1,231,1
166,1,259,3
166,1,268,1
166,1,271,1
166,1,279,1
166,1,324,1
166,1,368,6
166,1,440,6
166,1,487,3
166,1,512,3
166,1,547,1
166,1,555,1
167,1,119,1
167,1,168,6
167,1,184,3
167,1,212,1
167,1,227,5
167,1,247,3
167,1,259,1
167,1,271,1
167,1,279,1
167,1,349,1
167,1,368,1
167,1,434,1
167,1,440,1
167,1,512,1
167,1,546,1
167,1,547,3
167,1,548,1
167,2,324,8
168,1,89,5
168,1,119,1
168,1,158,1
168,1,162,3
168,1,163,1
168,1,168,1
168,1,172,1
168,1,177,1
168,1,179,3
168,1,188,1
168,1,211,1
168,1,212,1
168,1,239,1
168,1,259,7
168,1,271,1
168,1,289,1
168,1,307,1
168,1,317,1
168,1,368,5
168,1,394,1
168,1,408,1
168,1,434,1
168,1,440,3
168,1,442,1
168,1,487,1
168,1,507,1
168,1,512,1
168,1,523,1
168,1,532,5
168,1,546,4
168,1,555,1
168,1,563,1
168,2,158,2
168,2,202,1
168,2,239,1
168,2,457,1
168,2,532,1
168,2,547,7
170,1,163,3
170,1,168,7
170,1,184,5
170,1,189,3
170,1,259,6
170,1,267,1
170,1,271,3
170,1,368,4
170,1,407,5
170,1,440,3
170,1,546,1
170,2,500,3
171,1,120,1
171,1,143,1
171,1,145,1
171,1,168,1
171,1,172,1
171,1,211,1
171,1,212,1
171,1,231,1
171,1,239,1
171,1,256,1
171,1,257,3
171,1,279,1
171,1,292,1
171,1,324,1
171,1,394,1
171,1,434,5
171,1,440,3
171,1,454,3
171,1,456,3
171,1,482,1
171,1,484,1
171,1,497,1
171,1,518,1
171,1,537,7
171,1,546,5
171,3,454,3
171,3,456,3
171,4,456,1
172,1,90,3
172,1,94,3
172,1,125,5
172,1,141,1
172,1,143,1
172,1,158,1
172,1,162,1
172,1,168,1
172,1,172,5
172,1,202,1
172,1,211,1
172,1,212,1
172,1,231,3
172,1,234,1
172,1,259,1
172,1,271,1
172,1,286,1
172,1,289,1
172,1,323,1
172,1,389,3
172,1,394,1
172,1,407,1
172,1,434,7
172,1,440,3
172,1,442,3
172,1,456,1
172,1,469,1
172,1,523,1
172,1,546,5
172,2,202,3
172,2,257,5
172,2,455,5
172,2,484,1
172,2,537,1
172,2,547,3
172,3,202,3
172,3,207,1
172,3,356,1
172,3,454,5
172,3,456,3
172,3,457,3
172,4,456,3
172,4,457,3
173,1,90,3
173,1,94,1
173,1,119,1
173,1,168,1
173,1,172,3
173,1,183,1
173,1,234,1
173,1,239,3
173,1,255,3
173,1,259,1
173,1,271,3
173,1,286,5
173,1,289,3
173,1,394,3
173,1,434,7
173,1,440,3
173,1,455,3
173,1,456,1
173,1,457,1
173,1,497,1
173,1,546,3
173,2,202,1
173,2,207,1
173,2,356,1
173,2,454,1
173,2,456,1
174,1,141,1
174,1,168,2
174,1,172,3
174,1,179,1
174,1,185,1
174,1,259,7
174,1,286,1
174,1,368,7
174,1,400,1
174,1,434,3
174,1,440,3
174,1,512,3
174,1,546,3
174,2,125,5
174,2,202,1
174,2,231,1
174,2,547,2
174,3,456,2
174,4,456,3
174,5,456,1
175,1,125,3
175,1,143,3
175,1,144,1
175,1,156,1
175,1,158,1
175,1,161,1
175,1,168,1
175,1,172,3
175,1,211,1
175,1,234,1
175,1,239,1
175,1,251,1
175,1,256,1
175,1,259,3
175,1,279,1
175,1,292,1
175,1,368,1
175,1,394,1
175,1,408,1
175,1,411,1
175,1,434,5
175,1,443,4
175,1,497,4
175,1,512,1
175,1,540,1
175,1,546,5
175,1,598,1
175,2,483,3
175,2,537,3
175,2,547,5
175,3,456,3
175,3,484,1
175,4,101,1
175,4,456,1
176,1,125,4
176,1,141,1
176,1,172,3
176,1,257,4
176,1,271,1
176,1,286,3
176,1,394,1
176,1,434,7
176,1,440,1
176,1,442,1
176,1,470,1
176,1,497,1
176,1,523,1
176,1,540,1
176,1,546,5
176,2,239,3
176,2,257,5
176,2,454,2
176,2,547,3
176,3,202,1
176,3,456,3
176,3,484,1
176,4,456,3
176,5,456,1
177,1,98,4
177,1,161,1
177,1,168,3
177,1,211,3
177,1,212,3
177,1,257,1
177,1,271,3
177,1,434,5
177,1,469,1
177,2,172,3
177,2,286,3
177,2,356,1
177,2,456,1
177,2,532,1
177,2,537,5
177,2,547,5
177,3,202,1
177,3,207,3
177,3,344,1
177,3,456,3
177,4,356,1
177,4,456,8
178,1,125,2
178,1,168,3
178,1,172,3
178,1,211,1
178,1,212,2
178,1,231,1
178,1,259,3
178,1,271,3
178,1,394,1
178,1,434,6
178,1,440,3
178,1,442,1
178,1,457,1
178,1,497,3
178,1,546,6
178,2,158,1
178,2,207,1
178,2,239,2
178,2,356,1
178,2,454,1
178,2,456,1
178,2,537,3
178,2,547,3
178,3,202,2
178,3,207,3
178,3,356,1
178,3,456,5
178,3,457,4
178,4,456,1
179,1,145,1
179,1,168,1
179,1,172,1
179,1,212,1
179,1,259,5
179,1,279,1
179,1,286,1
179,1,349,1
179,1,368,5
179,1,434,5
179,1,443,5
179,1,546,5
179,1,547,1
179,2,207,1
179,2,532,7
179,2,547,1
179,4,456,1
179,5,456,1
180,1,125,3
180,1,168,1
180,1,172,3
180,1,233,1
180,1,251,1
180,1,252,1
180,1,259,5
180,1,286,1
180,1,328,1
180,1,368,7
180,1,434,5
180,1,440,1
180,1,456,1
180,1,546,5
180,2,239,3
180,2,257,1
180,2,409,1
180,2,456,1
180,2,532,1
180,2,537,4
180,2,546,4
180,3,202,1
180,3,207,3
180,3,283,1
180,3,356,1
180,3,454,1
180,3,456,4
180,3,457,1
180,4,456,1
181,1,90,1
181,1,94,3
181,1,125,1
181,1,143,1
181,1,145,1
181,1,157,1
181,1,168,1
181,1,172,1
181,1,202,1
181,1,231,3
181,1,244,1
181,1,271,1
181,1,279,3
181,1,286,1
181,1,289,2
181,1,349,1
181,1,353,1
181,1,356,1
181,1,380,2
181,1,389,3
181,1,394,1
181,1,397,1
181,1,434,5
181,1,440,2
181,1,442,2
181,1,443,6
181,1,444,1
181,1,454,1
181,1,469,2
181,1,497,1
181,1,505,1
181,1,523,3
181,1,546,3
181,1,589,1
181,2,202,5
181,2,207,1
181,2,454,3
181,2,455,1
181,2,484,1
181,2,537,1
181,3,202,1
181,3,343,2
181,3,356,1
182,1,90,4
182,1,94,1
182,1,125,3
182,1,159,1
182,1,168,2
182,1,172,1
182,1,183,3
182,1,202,1
182,1,234,1
182,1,279,1
182,1,329,1
182,1,434,5
182,1,440,3
182,1,442,4
182,1,469,1
182,1,523,1
182,1,546,3
182,1,568,1
182,2,165,1
182,2,202,7
182,2,343,1
182,2,356,1
182,2,537,1
182,3,202,3
182,3,207,3
182,3,343,4
182,3,356,2
182,3,454,1
182,3,455,1
183,1,90,4
183,1,94,1
183,1,120,6
183,1,159,1
183,1,202,3
183,1,212,1
183,1,232,1
183,1,234,2
183,1,251,2
183,1,271,1
183,1,279,1
183,1,289,1
183,1,349,1
183,1,353,1
183,1,397,1
183,1,434,5
183,1,440,3
183,1,442,1
183,1,443,1
183,1,492,1
183,1,501,1
183,1,522,1
183,1,546,5
183,1,584,1
183,2,202,5
183,2,207,3
183,2,356,4
183,2,454,2
183,2,455,3
183,2,537,2
183,3,202,1
183,3,207,1
183,3,356,1
183,3,358,2
183,4,358,1
183,4,457,1
184,1,90,1
184,1,120,4
184,1,125,5
184,1,159,1
184,1,162,1
184,1,168,1
184,1,202,5
184,1,231,1
184,1,234,1
184,1,259,1
184,1,279,1
184,1,440,1
184,1,442,1
184,1,485,1
184,1,584,1
184,1,589,1
184,2,202,1
184,2,454,3
184,2,455,3
184,3,207,2
184,3,343,5
184,3,356,3
184,3,454,1
184,3,455,1
185,1,90,3
185,1,165,1
185,1,168,1
185,1,231,1
185,1,259,3
185,1,284,1
185,1,314,3
185,1,408,1
185,1,422,1
185,1,440,3
185,1,442,1
185,1,443,1
185,1,485,3
185,2,183,3
185,2,202,1
185,2,356,1
185,2,442,1
185,2,454,1
185,2,455,1
185,2,545,5
185,3,159,1
185,3,202,5
185,3,342,5
186,1,90,2
186,1,94,2
186,1,98,1
186,1,161,1
186,1,183,1
186,1,189,3
186,1,231,1
186,1,259,1
186,1,279,1
186,1,284,3
186,1,309,1
186,1,353,1
186,1,380,1
186,1,394,1
186,1,398,1
186,1,440,3
186,1,524,1
186,1,546,7
186,1,584,2
186,2,162,1
186,2,165,1
186,2,286,1
186,2,356,1
186,2,454,1
186,2,455,1
186,2,577,1
186,3,207,1
186,3,343,5
186,3,356,1
186,3,358,1
187,1,90,5
187,1,165,1
187,1,183,3
187,1,202,3
187,1,259,1
187,1,307,1
187,1,313,3
187,1,349,1
187,1,356,1
187,1,380,1
187,1,411,1
187,1,440,4
187,1,442,3
187,1,485,4
187,1,500,1
187,1,545,1
187,1,546,5
187,1,584,1
187,2,202,3
187,2,342,5
187,2,343,3
187,2,356,1
187,2,455,1
187,2,577,1
187,2,578,3
187,3,133,1
187,3,207,1
187,3,342,1
188,1,135,1
188,1,183,3
188,1,283,3
188,1,443,6
188,1,512,3
188,1,523,1
188,1,546,4
188,2,159,3
188,2,342,1
188,2,343,2
188,2,385,3
188,3,159,1
188,3,343,3
188,4,343,1
189,1,90,1
189,1,144,1
189,1,183,2
189,1,300,1
189,1,342,1
189,1,343,1
189,1,443,3
189,1,462,1
189,1,485,2
189,1,512,1
189,1,523,1
189,1,545,6
189,1,546,1
189,2,135,2
189,2,342,2
189,2,497,1
189,2,577,1
189,3,135,1
189,3,224,1
189,3,342,2
189,3,343,1
189,3,385,4
189,3,455,1
190,1,90,1
190,1,135,1
190,1,204,1
190,1,284,3
190,1,300,2
190,1,314,1
190,1,485,2
190,1,538,3
190,1,541,2
190,1,545,2
190,1,578,2
190,2,270,1
190,2,293,3
190,2,385,3
190,3,159,1
190,3,190,1
190,3,342,4
191,1,90,3
191,1,159,1
191,1,313,1
191,1,359,1
191,1,485,4
191,1,541,1
191,1,545,2
191,1,580,3
191,2,135,3
191,2,270,1
191,2,342,6
191,2,359,1
191,3,342,3
191,3,385,1
192,1,90,2
192,1,135,1
192,1,270,4
192,1,300,3
192,1,442,1
192,1,485,4
192,1,494,1
192,1,524,1
192,1,541,1
192,1,545,1
192,1,546,1
192,2,135,3
192,2,224,1
192,2,251,1
192,2,270,4
192,2,356,3
192,2,455,1
192,3,159,2
192,3,342,2
192,3,343,4
192,3,385,1
193,1,90,3
193,1,135,5
193,1,183,2
193,1,343,2
193,1,455,2
193,1,485,4
193,1,541,1
193,1,545,2
193,1,579,1
193,2,135,3
193,2,159,2
193,2,342,4
193,2,343,3
193,2,356,3
193,2,455,1
193,2,577,2
193,3,224,1
193,3,343,3
193,3,385,3
194,1,90,3
194,1,135,3
194,1,144,1
194,1,159,1
194,1,224,1
194,1,314,2
194,1,443,1
194,1,485,4
194,1,524,2
194,1,541,1
194,1,545,1
194,2,135,2
194,2,159,2
194,2,224,1
194,2,342,6
194,3,342,2
194,3,343,1
195,1,90,3
195,1,135,4
195,1,159,1
195,1,270,2
195,1,313,2
195,1,342,1
195,1,485,3
195,1,524,1
195,1,545,4
195,2,159,2
195,2,359,3
195,2,577,2
195,3,224,1
195,3,342,4
195,3,343,1
195,3,385,3
196,1,90,3
196,1,300,1
196,1,454,1
196,1,483,4
196,1,545,2
196,1,559,1
196,1,580,4
196,2,135,2
196,2,356,1
196,3,159,3
196,3,190,1
196,3,342,4
196,3,343,1
196,3,385,1
197,1,90,1
197,1,135,1
197,1,183,1
197,1,313,2
197,1,356,1
197,1,454,1
197,1,455,2
197,1,484,1
197,1,485,1
197,1,545,1
197,1,559,3
197,1,580,2
197,2,454,2
197,3,190,1
197,3,342,2
197,3,385,4
198,1,90,4
198,1,455,1
198,1,485,4
198,1,545,2
198,1,546,2
198,1,577,3
198,1,584,2
198,2,202,1
198,2,270,2
198,2,356,2
198,2,578,1
198,3,159,1
198,3,190,1
198,3,343,7
198,3,356,2
199,1,90,4
199,1,135,2
199,1,183,1
199,1,300,1
199,1,313,1
199,1,356,1
199,1,455,2
199,1,485,4
199,1,493,1
199,1,541,1
199,1,545,1
199,1,546,1
199,1,568,1
199,2,135,1
199,2,202,3
199,2,207,2
199,2,224,1
199,2,356,2
199,2,577,1
199,3,133,1
199,3,343,5
199,3,385,2
200,1,90,4
200,1,168,1
200,1,183,1
200,1,231,1
200,1,270,1
200,1,300,1
200,1,313,1
200,1,342,4
200,1,356,1
200,1,442,1
200,1,443,1
200,1,485,6
200,1,541,1
200,1,545,1
200,1,546,2
200,1,578,1
200,2,342,6
200,2,343,1
200,2,385,1
200,2,455,1
200,3,342,4
200,3,343,1
201,1,90,5
201,1,168,1
201,1,251,1
201,1,286,1
201,1,300,1
201,1,314,1
201,1,485,4
201,1,545,4
201,1,546,3
201,1,559,1
201,1,579,3
201,2,202,1
201,2,270,1
201,2,342,5
201,2,343,3
201,2,455,1
201,2,578,3
201,3,135,2
201,3,207,1
201,3,342,4
201,3,343,4
201,3,385,1
202,1,90,1
202,1,120,1
202,1,144,1
202,1,168,1
202,1,440,1
202,1,442,4
202,1,485,4
202,1,494,1
202,1,546,1
202,1,584,1
202,2,135,4
202,2,356,3
202,2,357,1
202,3,99,1
202,3,135,1
202,3,202,7
202,3,224,1
202,3,343,1
202,3,356,1
202,3,455,2
203,1,90,1
203,1,124,4
203,1,127,1
203,1,168,1
203,1,231,1
203,1,267,1
203,1,269,1
203,1,270,4
203,1,300,1
203,1,309,1
203,1,314,2
203,1,320,1
203,1,344,1
203,1,371,1
203,1,394,1
203,1,408,1
203,1,411,1
203,1,440,1
203,1,443,1
203,1,469,1
203,1,485,2
203,1,497,1
203,1,545,3
203,1,546,1
203,1,558,1
203,1,559,1
203,2,270,2
203,2,342,1
203,2,384,1
203,2,454,1
203,2,544,2
203,3,159,1
203,3,190,1
203,3,207,1
203,3,342,2
203,3,356,1
203,3,455,1
204,1,90,2
204,1,135,1
204,1,168,1
204,1,183,1
204,1,249,1
204,1,300,3
204,1,313,1
204,1,442,1
204,1,455,1
204,1,484,2
204,1,485,1
204,1,524,1
204,1,541,2
204,1,545,5
204,1,578,1
204,1,584,1
204,2,159,2
204,2,270,3
204,3,342,4
204,3,343,3
204,3,385,2
206,1,212,1
206,1,320,1
206,1,376,1
206,1,388,1
206,1,448,1
206,1,465,1
206,2,240,1
206,2,241,1
206,2,459,1
206,2,557,1
206,3,150,9
206,3,215,3
206,3,457,1
206,3,554,2
207,1,150,1
207,1,240,3
207,1,241,2
207,1,344,1
207,1,356,1
207,1,461,1
207,1,485,4
207,1,497,1
207,1,554,1
207,3,454,1
208,2,253,1
208,2,374,5
208,2,375,4
208,2,439,1
208,2,474,1
208,2,516,1
208,3,150,1
208,3,215,4
208,3,461,1
208,3,554,1
208,3,574,6
209,2,90,3
209,2,165,2
209,2,183,3
209,2,300,3
209,2,313,1
209,2,443,2
209,2,492,1
209,2,505,2
209,2,523,2
209,2,545,4
209,2,546,5
209,3,159,3
209,3,342,5
209,3,343,2
209,3,385,1
210,1,90,3
210,1,359,1
210,1,408,1
210,1,485,1
210,1,546,1
210,1,584,1
210,2,159,3
210,2,183,1
210,2,252,1
210,2,270,3
210,2,300,2
210,2,443,3
210,2,484,1
210,2,523,1
210,2,545,5
210,3,135,1
210,3,207,1
210,3,224,3
210,3,342,5
210,3,343,2
210,3,385,2
210,3,454,1
210,3,455,1
211,1,90,2
211,1,165,2
211,1,183,1
211,1,191,1
211,1,231,1
211,1,300,1
211,1,314,1
211,1,440,1
211,1,443,5
211,1,485,3
211,1,492,1
211,1,512,1
211,1,523,1
211,1,545,3
211,1,546,5
211,2,135,1
211,2,165,1
211,2,356,1
211,2,455,2
211,3,135,1
211,3,224,2
211,3,342,5
211,3,343,5
211,3,385,1
212,1,135,2
212,1,168,1
212,1,183,1
212,1,212,1
212,1,231,1
212,1,392,1
212,1,485,3
212,1,537,2
212,1,566,1
212,2,135,4
212,2,202,2
212,2,212,1
212,2,224,2
212,2,251,1
212,2,343,1
212,2,356,1
212,2,358,2
212,2,359,5
212,2,455,1
212,2,577,1
212,2,578,1
212,3,159,1
212,3,202,1
212,3,207,1
212,3,224,1
212,3,283,5
212,3,343,2
212,3,385,1
212,3,454,1
212,4,207,1
212,4,283,1
212,4,343,1
213,1,183,1
213,1,315,1
213,1,485,1
213,2,90,5
213,2,342,1
213,2,455,1
213,2,484,1
213,2,523,1
213,2,545,2
213,2,546,3
213,3,159,2
213,3,207,1
213,3,342,2
213,3,343,5
213,3,344,3
213,3,385,1
214,1,90,3
214,1,183,1
214,1,202,1
214,1,286,2
214,1,313,1
214,1,440,1
214,1,485,1
214,1,524,1
214,1,545,1
214,1,546,1
214,2,162,1
214,2,231,1
214,2,342,5
214,2,343,3
214,2,344,2
214,2,455,1
214,3,207,1
214,3,342,3
214,3,343,2
214,3,454,1
215,1,90,5
215,1,120,1
215,1,162,1
215,1,168,1
215,1,356,1
215,1,407,1
215,1,440,1
215,1,442,3
215,1,484,1
215,1,541,4
215,1,546,3
215,1,579,3
215,2,343,1
216,2,207,1
216,2,492,4
216,3,343,1
216,3,385,1
217,1,90,4
217,1,120,1
217,1,144,1
217,1,162,1
217,1,165,1
217,1,251,2
217,1,270,1
217,1,372,4
217,1,384,1
217,1,442,4
217,1,454,4
217,1,497,1
217,1,546,2
217,2,343,1
217,2,454,1
217,2,513,1
217,3,343,2
218,1,90,3
218,1,120,2
218,1,127,1
218,1,144,2
218,1,165,1
218,1,168,3
218,1,267,1
218,1,297,1
218,1,314,1
218,1,407,3
218,1,427,1
218,1,440,1
218,1,442,5
218,1,455,1
218,1,492,1
218,1,546,1
218,1,547,1
218,2,454,4
218,2,579,1
218,3,207,1
218,3,343,7
218,3,358,1
219,1,90,3
219,1,157,1
219,1,168,2
219,1,407,1
219,1,442,3
219,1,443,1
219,1,493,1
219,1,497,1
219,1,546,1
219,2,270,6
219,2,545,3
219,3,190,1
219,3,343,3
219,3,385,1
220,1,162,2
220,1,168,1
220,1,195,1
220,1,324,4
220,1,445,1
220,1,484,1
220,1,492,1
220,2,270,1
220,3,344,1
220,3,443,1
221,1,144,1
221,1,344,3
221,1,445,1
221,3,224,1
221,3,385,1
221,3,578,2
222,1,90,4
222,1,120,3
222,1,168,1
222,1,212,1
222,1,232,1
222,1,251,3
222,1,270,1
222,1,286,1
222,1,347,1
222,1,408,1
222,1,427,1
222,1,440,2
222,1,442,1
222,1,485,4
222,1,494,1
222,1,497,1
222,1,524,1
222,1,546,3
222,1,566,1
222,1,568,1
222,1,584,1
222,1,600,1
222,2,159,4
222,2,251,1
222,2,343,5
222,2,455,5
222,2,485,1
222,2,537,1
222,2,545,1
222,3,159,1
222,3,207,1
222,3,343,5
222,3,356,2
222,3,455,1
223,1,94,4
223,1,249,1
223,1,300,1
223,1,407,1
223,1,443,1
223,1,545,3
223,2,492,3
223,2,580,3
223,3,251,1
223,4,224,1
223,4,293,1
223,4,342,1
224,1,120,1
224,1,125,1
224,1,135,2
224,1,168,3
224,1,174,1
224,1,392,1
224,1,443,3
224,1,454,1
224,1,485,2
224,2,135,6
224,2,159,1
224,2,270,5
224,2,356,3
224,2,454,1
224,2,541,3
224,2,577,1
224,3,202,1
224,3,343,4
224,3,454,1
224,3,455,4
224,3,577,1
225,1,240,2
225,2,138,9
225,2,550,3
226,1,90,3
226,1,120,1
226,1,135,1
226,1,144,1
226,1,165,1
226,1,183,1
226,1,249,2
226,1,270,4
226,1,408,1
226,1,442,1
226,1,443,4
226,1,452,1
226,1,455,3
226,1,497,1
226,1,524,1
226,1,545,6
226,1,546,2
226,2,159,4
226,2,584,3
226,3,159,3
226,3,343,1
226,3,385,1
227,1,135,5
227,1,300,3
227,1,348,1
227,1,356,1
227,1,443,1
227,1,455,1
227,1,485,3
227,1,494,1
227,1,523,1
227,1,538,1
227,1,541,1
227,1,545,3
227,1,578,2
227,1,584,1
227,2,135,1
227,2,342,6
227,2,356,1
227,2,497,1
227,3,190,1
227,3,342,3
228,1,90,3
228,1,284,1
228,1,300,3
228,1,313,1
228,1,385,3
228,1,485,2
228,1,538,1
228,1,541,2
228,1,545,3
228,1,580,2
228,2,342,5
228,3,159,1
228,3,190,1
230,1,90,3
230,1,168,1
230,1,202,2
230,1,231,1
230,1,407,1
230,1,455,1
230,1,485,2
230,1,545,1
230,1,584,3
230,2,135,5
230,2,202,4
230,2,356,2
230,2,454,3
230,2,455,4
231,1,90,5
231,1,204,1
231,1,443,1
231,1,546,1
231,2,135,3
231,2,202,1
231,2,577,1
231,3,159,3
231,3,190,1
231,3,342,5
231,3,385,2
232,1,90,1
232,1,259,3
232,1,270,3
232,1,300,3
232,1,368,1
232,1,485,1
232,1,545,7
232,2,270,3
232,2,356,1
232,2,578,1
232,3,190,2
232,3,342,5
232,3,385,3
233,1,90,3
233,1,98,1
233,1,125,1
233,1,162,1
233,1,168,1
233,1,172,1
233,1,189,1
233,1,214,1
233,1,251,1
233,1,286,1
233,1,434,3
233,1,442,1
233,1,469,1
233,1,546,5
233,1,584,3
233,2,183,1
233,2,202,2
233,2,356,1
233,2,457,1
233,2,532,1
233,2,537,3
233,2,547,3
233,3,202,3
233,3,207,5
233,3,343,3
233,3,356,1
233,3,457,5
233,3,485,1
233,4,207,5
233,4,343,3
233,4,457,5
234,1,90,5
234,1,147,1
234,1,434,3
234,1,440,1
234,1,443,1
234,1,537,3
234,1,545,3
234,2,183,1
234,2,202,4
234,2,356,1
234,3,101,1
234,3,202,1
234,3,207,3
234,3,342,5
234,3,343,3
234,3,457,5
234,3,485,1
234,3,584,1
234,4,342,3
234,4,343,3
234,4,457,3
235,1,90,4
235,1,145,1
235,1,183,3
235,1,191,1
235,1,244,1
235,1,259,1
235,1,279,1
235,1,286,3
235,1,421,1
235,1,440,3
235,1,442,1
235,1,443,3
235,1,483,1
235,1,485,1
235,1,537,3
235,1,545,1
235,1,547,3
235,2,202,3
235,2,283,1
235,2,457,4
235,3,207,5
235,3,342,3
235,3,356,1
235,3,457,5
235,3,484,1
235,4,343,1
235,4,457,1
236,1,98,1
236,1,168,1
236,1,172,1
236,1,252,1
236,1,259,7
236,1,271,1
236,1,279,1
236,1,286,1
236,1,368,7
236,1,394,1
236,1,422,2
236,1,440,2
236,1,442,1
236,1,469,3
236,1,523,3
236,1,546,3
236,2,183,1
236,2,207,2
236,2,251,1
236,2,356,1
236,2,532,5
236,2,537,5
236,2,543,1
236,2,547,3
236,3,343,3
236,3,457,1
236,4,456,1
236,4,457,1
237,1,90,1
237,1,98,3
237,1,189,3
237,1,207,1
237,1,244,1
237,1,279,3
237,1,422,3
237,1,434,5
237,1,442,3
237,1,454,1
237,1,469,1
237,1,523,1
237,1,532,1
237,1,547,1
237,2,90,1
237,2,183,1
237,2,202,5
237,2,207,1
237,2,239,1
237,2,343,3
237,2,357,1
237,2,457,3
237,2,485,1
237,3,343,3
237,3,454,1
237,3,456,1
237,3,457,7
237,4,343,1
237,4,456,1
237,4,457,3
237,5,456,1
237,5,457,1
238,1,90,3
238,1,98,3
238,1,168,3
238,1,172,1
238,1,259,1
238,1,286,1
238,1,337,1
238,1,368,7
238,1,422,1
238,1,434,5
238,1,440,1
238,1,442,1
238,1,456,1
238,1,457,1
238,1,469,1
238,1,546,5
238,2,183,1
238,2,202,3
238,2,356,1
238,2,454,1
238,2,457,1
238,3,202,1
238,3,207,5
238,3,343,7
238,3,454,3
238,3,457,3
238,4,457,1
238,5,456,1
239,1,98,4
239,1,189,3
239,1,259,7
239,1,279,1
239,1,317,1
239,1,320,1
239,1,368,7
239,1,411,3
239,1,422,3
239,1,434,5
239,1,440,1
239,1,442,3
239,1,469,1
239,1,523,1
239,2,202,1
239,2,207,1
239,2,283,1
239,2,356,1
239,2,454,1
239,2,457,1
239,2,532,1
239,2,537,1
239,2,547,1
239,3,207,3
239,3,283,1
239,3,343,5
239,3,356,3
239,3,457,3
239,4,207,3
239,4,343,3
239,4,456,1
239,4,457,1
239,5,456,1
240,1,168,1
240,1,259,3
240,1,315,1
240,1,368,5
240,1,434,1
240,1,440,3
240,1,502,1
240,1,532,3
240,1,546,7
240,1,572,1
240,2,183,1
240,2,283,1
240,2,356,1
240,2,532,1
240,2,533,4
240,2,537,5
240,2,547,1
240,3,207,4
240,3,283,5
240,3,483,1
240,4,207,1
240,4,283,1
240,4,343,1
240,4,456,7
240,5,283,1
240,5,456,3
241,1,90,1
241,1,98,3
241,1,168,1
241,1,368,1
241,1,434,5
241,1,440,1
241,1,443,1
241,1,523,1
241,1,546,5
241,1,568,1
241,2,90,3
241,2,172,1
241,2,191,1
241,2,202,1
241,2,207,1
241,2,356,1
241,3,202,5
241,3,207,3
241,3,343,1
241,3,356,1
241,3,457,5
241,3,484,1
241,4,207,1
241,4,343,1
241,4,456,1
241,4,457,1
241,5,456,1
242,1,94,1
242,1,257,3
242,1,259,5
242,1,271,3
242,1,353,1
242,1,368,5
242,1,434,5
242,1,442,3
242,1,485,1
242,1,546,5
242,2,207,1
242,2,239,1
242,2,324,5
242,2,457,1
242,5,456,1
243,1,212,1
243,1,259,7
243,1,368,7
243,1,394,1
243,1,434,1
243,1,497,1
243,1,505,3
243,1,546,1
243,2,324,1
243,2,532,6
244,1,90,2
244,1,98,1
244,1,168,3
244,1,202,1
244,1,259,5
244,1,356,1
244,1,368,5
244,1,421,3
244,1,434,5
244,1,440,1
244,1,442,3
244,1,443,3
244,1,457,1
244,1,469,1
244,1,485,1
244,1,546,5
244,1,584,2
244,2,183,1
244,2,202,1
244,2,207,1
244,2,356,1
244,2,454,1
244,3,202,1
244,3,207,1
244,3,343,7
244,3,457,1
244,4,343,1
244,4,454,1
245,1,124,1
245,1,231,1
245,1,256,1
245,1,289,1
245,1,353,1
245,1,407,3
245,1,434,3
245,1,440,3
245,1,546,2
245,1,589,3
245,2,257,5
245,2,394,7
245,2,533,3
246,1,90,1
246,1,98,1
246,1,161,1
246,1,165,1
246,1,168,1
246,1,202,1
246,1,271,1
246,1,286,1
246,1,289,1
246,1,368,7
246,1,422,1
246,1,434,1
246,1,457,1
246,1,469,1
246,1,485,1
246,1,512,1
246,1,523,1
246,1,533,7
246,1,537,3
246,1,546,5
246,1,547,5
246,2,183,1
246,2,207,1
246,2,343,3
246,2,358,1
246,2,454,1
246,2,457,3
246,3,207,3
246,3,343,7
246,3,356,1
246,3,454,1
246,3,483,1
246,4,207,3
246,4,343,1
246,4,457,1
247,1,90,3
247,1,98,1
247,1,161,1
247,1,172,1
247,1,244,1
247,1,422,1
247,1,434,5
247,1,440,1
247,1,442,1
247,1,485,3
247,1,512,1
247,1,584,1
247,2,537,3
247,2,545,3
247,3,202,1
247,3,207,3
247,3,343,9
247,3,356,1
247,3,357,1
247,3,358,1
247,3,454,5
247,3,578,1
247,4,207,1
247,4,343,3
247,4,454,1
247,4,457,1
248,1,90,7
248,1,98,1
248,1,168,4
248,1,189,3
248,1,232,1
248,1,244,1
248,1,259,1
248,1,271,1
248,1,440,1
248,1,443,1
248,1,469,1
248,1,546,3
248,1,584,1
248,1,589,1
248,2,162,3
248,2,251,1
248,2,343,1
248,2,356,5
248,2,357,3
248,2,358,3
248,2,457,1
248,3,207,5
248,3,343,3
248,3,356,1
248,3,454,5
248,3,457,5
248,4,207,1
248,4,343,1
248,4,454,1
249,1,90,5
249,1,161,1
249,1,165,1
249,1,168,1
249,1,179,1
249,1,183,1
249,1,244,1
249,1,259,3
249,1,271,1
249,1,279,1
249,1,353,1
249,1,356,5
249,1,368,1
249,1,370,1
249,1,394,1
249,1,422,3
249,1,434,5
249,1,440,3
249,1,442,1
249,1,505,1
249,1,523,1
249,1,532,3
249,1,545,3
249,1,546,5
249,2,162,1
249,2,356,1
249,2,457,1
249,3,207,1
249,3,342,5
249,3,343,3
249,3,454,1
249,3,457,3
249,4,456,1
249,4,457,1
250,1,90,3
250,1,98,1
250,1,120,1
250,1,232,1
250,1,259,1
250,1,286,3
250,1,394,1
250,1,434,4
250,1,440,1
250,1,469,1
250,1,546,4
250,2,90,3
250,2,202,5
250,2,454,1
250,2,455,1
250,2,537,3
250,2,545,3
250,2,547,1
250,2,584,1
250,3,202,3
250,3,207,5
250,3,356,3
250,3,455,4
250,3,484,1
250,4,343,3
250,4,456,5
250,4,457,1
250,5,456,1
250,5,457,1
251,1,98,1
251,1,101,1
251,1,161,1
251,1,168,1
251,1,234,1
251,1,259,7
251,1,271,1
251,1,289,1
251,1,315,2
251,1,368,3
251,1,394,3
251,1,421,1
251,1,440,1
251,1,443,1
251,1,507,1
251,1,546,1
251,2,342,3
251,2,533,7
251,3,207,1
251,3,283,3
251,3,342,7
251,3,343,1
251,3,356,1
251,3,454,1
251,3,456,1
251,4,283,1
251,4,342,3
251,4,456,1
252,1,89,3
252,1,98,5
252,1,259,5
252,1,434,1
252,1,456,1
252,1,469,1
252,1,523,1
252,1,546,1
252,2,532,8
253,1,90,5
253,1,98,1
253,1,125,1
253,1,156,1
253,1,161,1
253,1,183,1
253,1,202,3
253,1,244,1
253,1,259,1
253,1,286,1
253,1,320,1
253,1,353,1
253,1,356,1
253,1,434,5
253,1,440,3
253,1,442,3
253,1,455,3
253,1,469,1
253,1,485,1
253,1,545,1
253,1,546,6
253,1,566,1
253,1,584,1
253,2,343,3
253,2,356,2
253,2,454,3
253,3,207,3
253,3,343,5
253,3,457,1
253,4,343,3
254,1,90,5
254,1,145,1
254,1,214,1
254,1,251,3
254,1,524,3
254,1,546,2
254,2,162,3
254,2,165,3
254,2,202,3
254,2,207,4
254,2,251,3
254,2,343,1
254,2,356,1
254,2,484,1
254,2,537,5
254,2,547,4
254,3,207,6
254,3,283,1
254,3,343,1
254,3,357,1
254,3,454,3
254,3,456,3
254,4,283,3
254,4,343,5
254,4,456,5
254,4,457,3
254,5,456,1
255,1,183,1
255,1,259,3
255,1,286,1
255,1,368,3
255,1,377,1
255,1,422,1
255,1,440,2
255,1,442,1
255,1,469,1
255,1,523,1
255,1,533,5
255,1,546,2
255,1,547,3
255,2,207,3
255,2,454,3
255,2,484,1
255,2,537,3
255,3,207,3
255,3,343,3
255,3,456,3
255,4,283,1
255,4,456,5
255,5,456,1
256,1,125,1
256,1,161,1
256,1,168,1
256,1,259,1
256,1,279,1
256,1,315,1
256,1,353,1
256,1,469,1
256,1,485,1
256,1,505,1
256,1,524,1
256,2,90,4
256,2,156,1
256,2,162,4
256,2,165,1
256,2,183,1
256,2,189,1
256,2,202,4
256,2,251,1
256,2,286,1
256,2,309,1
256,2,349,1
256,2,388,2
256,2,422,1
256,2,434,4
256,2,440,1
256,2,442,3
256,2,455,3
256,2,546,5
256,2,578,3
256,2,584,1
256,3,202,1
256,3,343,3
256,3,356,1
256,3,485,1
256,4,207,1
256,4,343,1
256,4,385,1
256,4,456,1
257,1,168,1
257,1,189,3
257,1,214,1
257,1,220,1
257,1,232,1
257,1,259,2
257,1,271,1
257,1,279,1
257,1,289,1
257,1,320,3
257,1,380,3
257,1,411,1
257,1,440,1
257,1,442,3
257,1,469,1
257,1,485,3
257,1,524,4
257,1,546,3
257,2,135,5
257,2,202,3
257,2,356,3
257,2,493,1
257,3,135,7
257,3,159,1
257,3,207,1
257,3,356,4
257,3,358,3
257,3,454,3
257,3,457,1
257,3,483,1
257,3,497,1
257,4,457,1
258,1,161,1
258,1,212,1
258,1,214,1
258,1,231,1
258,1,271,1
258,1,279,1
258,1,292,1
258,1,353,1
258,1,408,1
258,1,458,1
258,1,459,1
258,1,485,1
258,1,546,1
258,1,566,1
258,2,99,3
258,2,202,1
258,2,224,7
258,2,358,3
258,3,99,3
258,3,224,3
259,1,89,1
259,1,138,3
259,2,138,3
259,2,202,1
259,2,240,3
259,2,310,3
259,2,408,7
259,2,442,4
259,3,457,1
260,1,119,3
260,1,254,1
260,1,271,3
260,1,512,1
260,1,523,1
260,1,546,3
260,1,566,5
260,2,125,5
260,2,252,4
260,2,500,2
260,2,533,5
260,2,537,6
260,2,547,5
260,3,207,3
260,3,357,3
260,3,457,1
260,4,207,5
260,4,456,6
260,5,207,1
260,5,333,3
260,5,456,4
260,5,457,3
260,5,483,2
261,1,94,1
261,1,130,3
261,1,158,3
261,1,185,3
261,1,212,1
261,1,234,1
261,1,251,1
261,1,257,4
261,1,292,1
261,1,324,3
261,1,407,3
261,1,442,3
261,1,469,1
261,1,512,1
261,1,546,2
261,2,324,7
261,3,456,1
261,3,457,1
261,4,456,3
261,4,457,3
262,1,119,1
262,1,130,1
262,1,168,1
262,1,185,3
262,1,207,1
262,1,211,1
262,1,234,1
262,1,257,3
262,1,259,1
262,1,271,1
262,1,279,3
262,1,292,1
262,1,324,3
262,1,407,5
262,1,440,3
262,1,442,5
262,1,456,1
262,1,469,3
262,1,497,1
262,1,512,1
262,1,546,5
262,2,157,5
262,2,257,7
262,2,324,7
262,3,456,1
263,1,144,3
263,1,202,1
263,1,212,1
263,1,231,1
263,1,257,1
263,1,277,3
263,1,357,1
263,1,407,3
263,1,440,3
263,1,442,1
263,1,497,1
263,1,531,1
263,2,90,7
263,2,120,7
263,2,297,1
263,2,484,3
263,3,202,3
263,3,207,3
263,3,357,1
263,3,455,3
263,3,457,1
264,1,141,1
264,1,172,1
264,1,211,1
264,1,240,1
264,1,241,5
264,1,279,1
264,1,334,3
264,1,376,3
264,1,388,3
264,1,442,1
264,1,443,1
264,1,547,1
264,2,215,7
264,2,334,5
264,2,456,1
264,3,456,1
265,1,119,1
265,1,211,1
265,1,241,7
265,1,335,1
265,1,376,3
265,1,388,3
265,1,434,1
265,1,442,1
265,1,456,1
265,1,457,1
265,1,512,1
265,1,546,1
265,1,547,1
265,2,215,3
265,2,334,5
265,2,456,1
266,1,101,1
266,1,141,1
266,1,148,1
266,1,168,1
266,1,172,1
266,1,185,1
266,1,206,1
266,1,212,1
266,1,271,1
266,1,276,1
266,1,279,1
266,1,286,1
266,1,291,1
266,1,434,3
266,1,440,1
266,1,546,1
266,1,587,1
266,2,257,3
266,2,283,1
266,2,497,5
266,2,537,4
266,2,547,6
266,3,283,1
266,3,456,3
266,3,497,5
266,4,283,1
266,4,456,1
266,4,457,1
267,1,125,2
267,1,141,1
267,1,143,1
267,1,145,1
267,1,151,1
267,1,172,1
267,1,211,1
267,1,212,1
267,1,257,1
267,1,260,1
267,1,286,1
267,1,292,1
267,1,394,1
267,1,434,5
267,1,440,1
267,1,442,1
267,1,469,1
267,1,527,1
267,1,546,2
267,1,547,5
267,2,257,5
267,2,283,1
267,2,357,1
267,2,457,1
267,2,484,1
267,2,537,5
267,3,207,1
267,3,283,1
267,3,357,1
267,3,456,1
267,4,456,5
267,4,457,5
267,5,456,2
268,1,125,3
268,1,141,1
268,1,145,4
268,1,172,1
268,1,211,1
268,1,212,1
268,1,286,3
268,1,348,1
268,1,434,5
268,1,523,3
268,1,537,4
268,1,546,4
268,1,547,4
268,1,566,3
268,2,101,1
268,2,183,1
268,2,357,1
268,2,537,3
268,3,101,1
268,3,207,4
268,3,283,3
268,3,357,3
268,3,457,1
268,3,483,1
268,4,101,1
268,4,456,5
268,4,457,1
268,4,483,1
268,5,456,2
268,5,457,1
269,1,145,1
269,1,151,1
269,1,161,1
269,1,172,1
269,1,206,1
269,1,233,1
269,1,234,1
269,1,283,1
269,1,286,1
269,1,434,1
269,1,456,1
269,1,505,1
269,1,523,1
269,1,546,7
269,1,561,1
269,1,566,2
269,2,207,1
269,2,283,1
269,2,357,1
269,2,497,1
269,2,537,8
269,3,207,4
269,3,283,1
269,3,456,1
269,3,457,1
269,4,283,1
269,4,333,3
269,4,456,3
269,5,283,1
269,5,456,1
269,5,485,1
270,1,125,1
270,1,141,1
270,1,143,1
270,1,145,4
270,1,172,1
270,1,202,1
270,1,251,1
270,1,434,2
270,1,537,6
270,1,546,2
270,1,547,3
270,1,566,1
270,2,357,1
270,2,457,1
270,2,537,7
270,3,357,1
270,3,457,1
270,3,483,1
270,4,456,3
270,4,483,3
270,5,456,4
271,1,145,1
271,1,172,1
271,1,211,1
271,1,212,1
271,1,259,1
271,1,286,1
271,1,292,1
271,1,329,1
271,1,523,1
271,2,483,1
271,2,537,9
271,2,547,3
271,3,191,1
271,3,207,1
271,3,252,1
271,3,357,1
271,3,358,1
271,4,333,1
271,4,456,1
271,4,457,1
271,5,456,6
271,5,457,5
272,1,125,1
272,1,143,1
272,1,145,3
272,1,161,1
272,1,168,3
272,1,172,1
272,1,179,1
272,1,211,1
272,1,231,1
272,1,292,1
272,1,323,6
272,1,434,1
272,1,469,1
272,1,497,1
272,1,500,1
272,1,523,1
272,1,546,1
272,1,566,1
272,2,207,1
272,2,537,6
272,2,547,4
272,3,207,1
272,3,357,1
272,3,456,1
272,3,457,1
272,4,456,5
272,4,457,5
272,5,456,1
273,1,89,1
273,1,141,1
273,1,143,1
273,1,144,3
273,1,168,1
273,1,179,1
273,1,191,1
273,1,211,2
273,1,286,1
273,1,320,1
273,1,434,3
273,1,483,1
273,1,523,1
273,1,546,2
273,1,547,3
273,1,566,3
273,2,172,1
273,2,183,1
273,2,191,1
273,2,207,3
273,2,233,1
273,2,289,1
273,2,537,7
273,3,207,4
273,3,283,2
273,3,333,1
273,3,357,1
273,3,456,4
273,3,457,3
273,4,456,6
273,4,457,4
273,5,333,1
273,5,456,2
275,1,168,4
275,1,172,1
275,1,179,1
275,1,211,1
275,1,259,3
275,1,279,1
275,1,292,1
275,1,328,1
275,1,434,4
275,1,440,3
275,1,537,3
275,1,546,4
275,1,547,6
276,1,159,1
276,1,161,1
276,1,168,1
276,1,172,1
276,1,179,4
276,1,234,1
276,1,279,1
276,1,289,1
276,1,323,3
276,1,364,1
276,1,373,1
276,1,434,1
276,1,469,1
276,1,523,1
276,1,533,1
276,1,537,1
276,1,546,1
276,1,568,1
276,1,572,1
276,2,207,1
276,2,483,1
276,2,537,7
276,2,547,5
276,3,207,2
276,3,356,3
276,3,357,1
276,3,358,1
276,4,456,3
276,5,333,1
276,5,456,5
276,5,457,3
276,6,456,1
277,1,212,1
277,1,237,1
277,1,240,9
277,1,241,3
277,1,408,1
277,1,442,3
277,1,456,1
277,1,492,1
277,1,528,1
277,2,334,1
278,1,143,1
278,1,168,1
278,1,185,1
278,1,197,1
278,1,212,1
278,1,240,3
278,1,276,1
278,1,292,1
278,1,329,1
278,1,353,1
278,1,397,1
278,1,407,3
278,1,440,2
278,1,492,1
278,1,546,1
278,2,158,3
278,2,250,9
278,3,283,1
279,1,125,1
279,1,168,1
279,1,172,1
279,1,185,2
279,1,197,1
279,1,202,1
279,1,212,2
279,1,234,1
279,1,240,1
279,1,286,2
279,1,292,1
279,1,329,1
279,1,358,1
279,1,383,1
279,1,392,1
279,1,407,6
279,1,440,2
279,1,442,5
279,1,454,1
279,1,456,1
279,1,483,1
279,1,497,2
279,1,500,2
279,1,512,1
279,1,537,4
279,1,546,3
279,1,547,1
279,2,141,1
279,2,257,4
279,3,324,2
279,4,283,3
279,4,333,1
279,4,357,2
279,4,456,1
279,4,483,4
279,5,456,5
280,1,119,1
280,1,125,4
280,1,168,1
280,1,172,3
280,1,183,1
280,1,184,1
280,1,195,2
280,1,212,3
280,1,234,2
280,1,264,1
280,1,269,1
280,1,286,2
280,1,297,1
280,1,320,1
280,1,349,1
280,1,392,1
280,1,394,1
280,1,434,2
280,1,440,1
280,1,449,1
280,1,487,1
280,1,497,1
280,1,523,1
280,1,566,5
280,2,257,1
280,2,283,1
280,2,537,4
280,2,547,3
280,3,207,3
280,3,357,3
280,3,358,1
280,3,454,1
280,3,456,2
280,4,207,1
280,4,333,1
280,4,456,5
280,4,457,1
280,5,456,2
281,1,125,1
281,1,168,1
281,1,172,1
281,1,183,1
281,1,195,2
281,1,264,1
281,1,289,1
281,1,297,2
281,1,392,1
281,1,415,1
281,1,440,1
281,1,456,1
281,1,500,2
281,1,523,2
281,1,546,2
281,1,566,3
281,2,212,3
281,2,343,1
281,2,457,1
281,2,537,4
281,2,547,3
281,3,202,1
281,3,207,4
281,3,343,6
281,3,356,1
281,3,358,3
281,3,365,1
281,3,456,4
281,3,485,3
281,4,343,3
281,4,456,5
281,4,457,2
281,4,483,3
281,5,456,1
282,1,461,1
282,1,503,3
282,1,566,1
282,2,202,3
282,2,442,4
282,2,461,1
282,2,537,2
282,2,566,1
282,3,202,2
282,3,224,1
282,3,356,3
282,3,358,2
282,3,359,4
282,3,457,2
282,4,457,1
283,1,459,1
283,1,537,3
283,1,566,4
283,1,584,1
283,2,135,5
283,2,138,5
283,2,224,1
283,2,357,3
283,2,358,3
283,2,359,4
283,2,408,1
283,2,550,1
283,2,566,3
283,2,578,3
283,3,99,1
283,3,135,3
283,3,202,1
283,3,358,3
283,3,457,1
283,3,550,1
283,4,100,1
284,1,159,1
284,1,212,2
284,1,485,1
284,1,545,2
284,1,566,2
284,2,135,7
284,2,138,3
284,2,357,3
284,2,359,3
284,3,135,7
284,3,457,2
284,4,457,1
285,1,459,1
285,1,537,2
285,1,566,4
285,2,133,1
285,2,224,1
285,2,251,1
285,2,359,3
285,3,135,6
285,3,207,6
285,3,343,3
285,3,357,3
285,3,455,1
285,3,457,2
285,4,207,4
285,4,457,3
285,5,457,1
286,1,90,3
286,1,120,3
286,1,144,3
286,1,158,1
286,1,234,1
286,1,497,1
286,1,537,1
286,1,566,1
286,2,257,4
286,2,298,2
286,2,324,4
286,2,343,1
286,2,484,1
286,2,497,3
286,2,537,1
286,3,202,2
286,3,343,3
286,3,357,2
286,3,358,1
286,3,391,2
286,3,497,1
287,1,90,1
287,1,120,1
287,1,125,1
287,1,144,1
287,1,168,2
287,1,183,1
287,1,442,3
287,1,443,1
287,1,445,1
287,1,485,3
287,1,501,1
287,1,545,1
287,1,566,1
287,1,578,1
287,2,120,1
287,2,202,1
287,2,454,4
287,2,456,3
287,3,202,3
287,3,207,1
287,3,343,4
287,3,358,1
287,3,385,1
287,3,454,4
287,3,456,4
288,1,89,1
288,1,168,1
288,1,318,2
288,1,349,1
288,1,408,2
288,1,411,1
288,1,485,4
288,1,516,1
288,1,546,1
288,1,550,1
288,2,135,2
288,2,138,4
288,2,359,3
288,2,408,1
288,2,537,3
288,3,100,4
288,3,356,1
289,1,120,1
289,1,156,1
289,1,168,5
289,1,212,1
289,1,232,1
289,1,259,1
289,1,320,2
289,1,348,1
289,1,411,1
289,1,485,7
289,1,523,3
289,1,566,1
289,1,589,1
289,2,135,7
289,2,172,1
289,2,358,1
289,2,359,3
289,2,494,1
289,2,545,1
290,1,313,1
290,1,320,1
290,1,348,1
290,1,356,1
290,1,408,2
290,1,440,1
290,1,500,2
290,1,566,3
290,2,135,7
290,2,138,1
290,2,202,1
290,2,356,1
290,2,457,1
290,2,537,1
290,3,135,1
290,3,207,1
290,3,224,1
290,3,358,1
290,3,457,3
290,4,207,1
290,4,457,6
290,5,457,1
291,1,138,3
291,1,159,1
291,1,210,1
291,1,259,1
291,1,280,1
291,1,313,1
291,1,320,3
291,1,349,1
291,1,380,1
291,1,411,1
291,1,439,1
291,1,523,1
291,1,550,1
291,1,566,1
291,2,135,1
291,2,359,1
291,2,550,1
292,1,207,1
292,1,211,3
292,1,313,1
292,1,320,5
292,1,356,1
292,1,411,5
292,2,359,5
292,2,457,5
292,3,133,1
292,3,138,3
292,3,224,1
292,3,457,9
292,3,550,1
292,4,456,1
292,4,457,3
293,1,145,1
293,1,159,3
293,1,212,1
293,1,232,1
293,1,313,3
293,1,323,1
293,1,411,3
293,1,459,1
293,1,523,1
293,1,549,1
293,1,566,1
293,2,138,1
293,2,359,3
293,2,457,1
293,2,537,9
293,2,547,4
293,3,135,1
293,3,251,1
293,3,356,1
293,3,485,1
293,4,457,1
294,1,251,1
294,1,254,1
294,1,356,1
294,1,407,1
294,1,442,1
294,1,459,1
294,1,523,2
294,1,546,2
294,1,566,2
294,2,135,3
294,2,343,1
294,2,356,1
294,2,359,1
294,2,457,1
294,2,497,1
294,3,100,1
294,3,135,1
294,3,202,1
294,3,224,5
294,3,343,1
294,3,457,1
294,4,343,1
295,1,144,1
295,1,148,1
295,1,271,1
295,1,274,2
295,1,320,1
295,1,408,1
295,1,440,1
295,1,443,1
295,1,459,1
295,1,485,2
295,1,494,1
295,1,497,1
295,1,537,2
295,1,545,2
295,1,546,1
295,2,138,3
295,2,224,5
295,2,359,3
295,3,100,1
295,3,224,5
296,1,138,3
296,1,148,1
296,1,212,1
296,1,274,4
296,1,310,6
296,1,318,1
296,1,320,1
296,1,349,1
296,1,352,1
296,1,359,1
296,1,462,1
296,1,485,2
296,1,494,1
296,1,516,1
296,1,550,1
296,2,100,1
297,1,212,1
297,1,274,2
297,1,320,2
297,1,349,1
297,1,407,1
297,1,459,1
297,1,485,4
297,1,494,1
297,2,135,1
297,2,138,7
297,2,144,1
297,2,224,1
297,2,310,3
297,2,359,2
297,2,408,1
297,2,537,2
297,2,545,1
297,2,550,1
297,2,566,1
297,3,100,3
297,3,224,1
298,1,212,1
298,1,237,1
298,1,241,1
298,1,274,7
298,1,291,1
298,1,292,1
298,1,307,1
298,1,408,1
298,1,439,3
298,1,448,1
298,1,459,1
298,1,461,1
298,1,462,2
298,1,485,5
298,1,537,1
298,1,550,1
298,2,138,7
298,2,359,1
298,2,461,3
298,3,224,1
299,1,191,1
299,1,212,1
299,1,279,2
299,1,280,2
299,1,292,1
299,1,320,1
299,1,359,1
299,1,459,1
299,1,485,1
299,1,494,1
299,1,516,1
299,1,537,2
299,1,545,1
299,1,549,1
299,2,135,2
299,2,138,1
299,2,224,5
299,3,224,7
300,1,168,1
300,1,202,1
300,1,212,1
300,1,307,1
300,1,320,2
300,1,356,1
300,1,440,1
300,1,442,1
300,1,459,1
300,1,462,1
300,1,485,1
300,1,524,1
300,1,537,3
300,1,545,1
300,1,546,3
300,1,566,3
300,1,584,5
300,2,135,4
300,2,202,1
300,2,356,1
300,2,359,3
300,3,357,1
300,3,442,1
300,3,457,6
300,4,456,1
300,4,457,3
301,1,138,2
301,1,212,1
301,1,307,2
301,1,308,1
301,1,320,1
301,1,364,1
301,1,411,1
301,1,459,1
301,1,462,1
301,1,485,1
301,1,545,1
301,1,549,2
301,2,138,3
301,2,356,1
301,2,358,1
301,2,359,2
301,2,537,9
302,1,120,1
302,1,124,1
302,1,159,1
302,1,259,1
302,1,392,1
302,1,459,1
302,1,485,3
302,1,566,2
302,2,224,3
302,2,320,1
302,2,429,1
302,2,500,1
302,2,523,1
302,2,537,5
302,2,541,1
302,2,545,3
302,2,546,2
302,2,584,5
302,3,224,4
302,3,357,1
302,3,359,4
302,3,455,3
303,1,135,1
303,1,144,1
303,1,237,1
303,1,274,1
303,1,310,5
303,1,359,1
303,1,408,1
303,1,439,1
303,1,462,1
303,1,485,1
303,1,494,1
303,1,550,1
303,2,135,1
303,2,224,1
303,2,356,1
304,1,90,1
304,1,135,1
304,1,183,1
304,1,202,1
304,1,210,1
304,1,320,1
304,1,349,1
304,1,411,1
304,1,440,2
304,1,442,1
304,1,443,2
304,1,459,1
304,1,461,1
304,1,485,2
304,1,512,1
304,1,523,1
304,1,537,2
304,1,545,2
304,1,546,3
304,2,135,3
304,2,202,2
304,2,356,1
304,2,359,3
304,2,455,2
304,2,577,2
304,2,578,1
304,3,135,7
304,3,207,1
304,3,224,2
304,3,343,3
304,3,455,5
304,4,283,1
304,4,343,1
305,1,135,3
305,1,144,1
305,1,168,1
305,1,231,3
305,1,320,2
305,1,348,2
305,1,359,2
305,1,408,1
305,1,440,4
305,1,442,1
305,1,459,1
305,1,485,1
305,1,494,2
305,1,545,1
305,1,546,1
305,1,584,1
305,2,135,4
305,2,202,6
305,2,454,3
305,2,497,1
305,3,224,2
305,3,356,4
305,3,455,3
305,3,457,1
305,4,100,1
305,4,283,1
306,1,138,4
306,1,212,1
306,1,219,1
306,1,274,2
306,1,307,1
306,1,320,1
306,1,440,2
306,1,448,1
306,1,461,1
306,1,462,1
306,1,477,2
306,1,589,2
306,2,138,1
306,2,461,9
307,1,219,2
307,1,274,2
307,1,554,1
307,2,461,1
307,3,138,1
307,4,477,9
308,1,110,1
308,1,159,1
308,1,202,3
308,1,212,1
308,1,244,1
308,1,279,1
308,1,320,1
308,1,350,1
308,1,440,1
308,1,459,1
308,1,485,1
308,1,500,1
308,1,578,1
308,1,589,1
308,2,135,2
308,2,202,1
308,2,455,1
308,2,578,1
308,3,224,6
308,3,357,4
308,3,358,1
309,1,138,6
309,1,212,1
309,1,219,1
309,1,448,1
309,1,459,1
309,1,477,2
309,1,485,2
309,1,516,1
309,2,461,1
310,1,219,2
310,1,274,3
310,1,320,3
310,1,352,1
310,1,439,2
310,1,440,1
310,1,459,1
310,1,462,1
310,1,477,1
310,1,485,1
310,1,494,1
310,1,505,1
310,1,516,1
310,1,546,3
310,2,461,1
310,2,484,2
310,3,457,1
310,4,202,1
310,4,224,1
311,1,90,1
311,1,135,1
311,1,147,3
311,1,165,2
311,1,168,1
311,1,172,1
311,1,183,3
311,1,286,1
311,1,302,3
311,1,314,1
311,1,349,1
311,1,443,1
311,1,485,6
311,1,512,3
311,1,523,1
311,1,545,3
311,1,546,3
311,1,568,1
311,2,202,2
311,2,207,1
311,2,455,2
311,2,484,1
311,3,343,6
311,3,385,1
312,1,240,9
312,1,241,1
312,1,352,1
312,1,550,1
313,1,240,7
313,1,241,7
313,1,335,3
313,2,334,1
314,1,135,2
314,1,191,1
314,1,359,1
314,1,408,2
314,1,459,1
314,1,485,1
314,2,224,4
314,2,455,1
316,1,90,1
316,1,94,3
316,1,98,1
316,1,125,3
316,1,168,1
316,1,183,1
316,1,244,1
316,1,271,1
316,1,279,1
316,1,286,3
316,1,315,1
316,1,349,1
316,1,372,1
316,1,387,3
316,1,394,1
316,1,422,1
316,1,434,5
316,1,440,3
316,1,443,1
316,1,455,3
316,1,469,1
316,1,505,1
316,1,523,1
316,1,546,5
316,1,572,3
316,2,165,1
316,2,202,1
316,2,207,3
316,2,343,5
316,2,356,1
316,2,455,1
316,2,456,2
316,3,207,3
316,3,343,1
316,3,456,1
316,4,456,1
317,1,434,5
317,1,442,5
317,2,207,1
317,2,356,1
317,3,207,3
317,3,343,1
318,1,90,5
318,1,98,1
318,1,125,3
318,1,165,3
318,1,168,4
318,1,189,1
318,1,220,2
318,1,231,3
318,1,232,1
318,1,244,1
318,1,259,1
318,1,279,3
318,1,289,1
318,1,349,1
318,1,380,3
318,1,434,5
318,1,440,4
318,1,442,3
318,1,443,1
318,1,459,1
318,1,497,1
318,1,505,1
318,1,523,1
318,1,537,1
318,1,546,4
318,1,547,1
318,1,584,1
318,1,589,1
318,2,165,3
318,2,202,3
318,2,343,1
318,2,356,1
318,2,454,1
318,2,455,1
318,2,483,1
318,3,202,3
318,3,207,1
318,3,343,7
318,4,343,1
318,4,457,1
319,1,90,5
319,1,125,3
319,1,144,1
319,1,156,1
319,1,165,1
319,1,168,1
319,1,220,1
319,1,232,1
319,1,244,1
319,1,259,1
319,1,286,1
319,1,314,1
319,1,380,1
319,1,440,1
319,1,442,3
319,1,485,3
319,1,505,1
319,1,546,1
319,1,584,1
319,2,162,1
319,2,202,5
319,2,537,1
319,2,545,3
319,2,578,1
319,3,159,1
319,3,202,3
319,3,207,1
319,3,343,7
319,3,344,3
319,3,356,1
319,3,385,1
319,3,455,3
319,3,484,1
319,4,343,1
321,1,90,5
321,1,125,1
321,1,141,1
321,1,168,1
321,1,189,1
321,1,232,1
321,1,244,1
321,1,259,1
321,1,434,3
321,1,440,1
321,1,442,3
321,1,443,1
321,1,455,1
321,1,469,1
321,1,484,1
321,1,505,1
321,1,532,1
321,1,537,1
321,1,546,2
321,1,589,1
321,2,202,5
321,2,343,5
321,2,344,3
321,2,356,1
321,2,455,1
321,3,202,3
321,3,207,1
321,3,224,1
321,3,343,5
321,3,344,1
321,3,356,1
321,3,385,1
321,4,239,1
321,4,343,1
322,1,90,3
322,1,125,5
322,1,183,1
322,1,189,1
322,1,259,1
322,1,271,1
322,1,279,1
322,1,286,1
322,1,309,1
322,1,314,1
322,1,320,1
322,1,353,1
322,1,380,1
322,1,394,1
322,1,422,3
322,1,434,3
322,1,440,3
322,1,442,3
322,1,457,1
322,1,484,3
322,1,546,5
322,2,165,1
322,2,202,1
322,2,207,3
322,2,344,1
322,2,454,1
322,2,455,1
322,2,537,1
322,3,162,1
322,3,202,1
322,3,343,5
322,3,344,1
322,3,356,1
322,3,457,3
322,3,484,3
322,4,207,1
322,4,343,1
322,4,457,1
323,1,90,4
323,1,98,3
323,1,125,1
323,1,165,3
323,1,168,3
323,1,189,1
323,1,244,1
323,1,251,1
323,1,259,1
323,1,271,1
323,1,279,1
323,1,289,1
323,1,307,1
323,1,349,1
323,1,353,3
323,1,394,1
323,1,434,7
323,1,455,1
323,1,505,1
323,1,546,7
323,1,584,1
323,1,589,1
323,2,162,1
323,2,202,1
323,2,234,1
323,2,344,1
323,2,356,1
323,2,454,1
323,2,455,1
323,2,577,1
323,2,584,1
323,3,207,3
323,3,343,5
323,3,457,1
323,4,343,5
323,4,457,1
324,1,90,7
324,1,98,1
324,1,125,6
324,1,159,1
324,1,168,1
324,1,207,1
324,1,211,1
324,1,231,1
324,1,259,3
324,1,271,1
324,1,279,1
324,1,353,1
324,1,397,1
324,1,440,4
324,1,442,4
324,1,497,1
324,1,505,1
324,1,546,1
324,1,589,1
324,2,165,1
324,2,207,1
324,2,356,1
324,2,455,1
324,2,484,2
324,3,159,1
324,3,343,3
324,4,207,1
324,4,343,6
324,4,577,1
324,5,343,1
325,1,90,5
325,1,98,3
325,1,125,5
325,1,147,1
325,1,161,2
325,1,168,1
325,1,189,1
325,1,231,1
325,1,244,1
325,1,279,1
325,1,286,1
325,1,309,1
325,1,353,1
325,1,363,1
325,1,380,1
325,1,387,1
325,1,394,1
325,1,411,1
325,1,434,7
325,1,440,3
325,1,442,5
325,1,443,3
325,1,469,1
325,1,505,1
325,1,546,7
325,1,589,1
325,2,162,1
325,2,165,3
325,2,202,1
325,2,283,1
325,2,356,1
325,2,454,1
325,2,455,1
325,2,537,5
325,2,547,5
325,3,202,1
325,3,207,2
325,3,343,6
326,1,161,3
326,1,189,1
326,1,232,1
326,1,279,1
326,1,320,1
326,1,349,1
326,1,356,1
326,1,359,1
326,1,385,9
326,1,411,6
326,1,439,3
326,1,440,3
326,1,485,1
326,1,589,1
327,1,90,2
327,1,94,1
327,1,125,3
327,1,144,1
327,1,156,1
327,1,165,1
327,1,168,1
327,1,183,2
327,1,202,4
327,1,232,1
327,1,234,1
327,1,252,1
327,1,279,2
327,1,286,1
327,1,307,1
327,1,341,1
327,1,356,1
327,1,434,7
327,1,440,2
327,1,442,1
327,1,443,1
327,1,454,1
327,1,494,1
327,1,505,1
327,1,523,2
327,1,546,3
327,2,202,2
327,2,455,4
327,2,537,1
327,3,207,1
327,3,343,5
327,3,356,1
327,4,343,1
327,4,457,1
328,1,90,1
328,1,98,3
328,1,156,1
328,1,202,4
328,1,231,1
328,1,259,1
328,1,313,1
328,1,320,1
328,1,343,3
328,1,357,1
328,1,388,1
328,1,440,1
328,1,442,3
328,1,443,1
328,1,454,3
328,1,455,3
328,1,469,1
328,1,505,1
328,1,523,1
328,1,545,1
328,2,202,1
328,2,343,4
328,2,454,1
328,2,457,3
328,3,207,1
328,3,457,3
328,4,457,1
329,1,90,4
329,1,98,1
329,1,125,3
329,1,161,1
329,1,165,3
329,1,168,1
329,1,189,1
329,1,202,2
329,1,231,1
329,1,279,1
329,1,286,1
329,1,320,1
329,1,380,1
329,1,434,1
329,1,440,1
329,1,469,1
329,1,492,1
329,1,505,1
329,1,523,1
329,1,566,1
329,2,165,6
329,2,202,3
329,2,357,3
329,2,454,5
329,2,457,1
329,3,202,1
329,3,356,5
329,3,357,2
329,3,454,1
329,3,457,3
329,4,457,4
332,1,101,1
332,1,119,1
332,1,127,1
332,1,168,1
332,1,206,1
332,1,209,1
332,1,231,1
332,1,244,1
332,1,259,1
332,1,271,1
332,1,309,1
332,1,314,1
332,1,320,2
332,1,343,3
332,1,344,1
332,1,368,5
332,1,402,1
332,1,415,1
332,1,421,1
332,1,454,1
332,1,497,1
332,1,500,1
332,1,512,1
332,1,513,1
332,1,514,1
332,1,516,1
332,1,546,3
332,1,558,5
332,1,589,1
333,1,443,3
333,1,547,2
333,2,455,3
333,3,207,1
333,4,342,4
333,4,343,3
334,1,94,1
334,1,168,1
334,1,234,1
334,1,265,1
334,1,279,1
334,1,320,1
334,1,325,1
334,1,328,1
334,1,338,1
334,1,353,1
334,1,368,1
334,1,372,1
334,1,397,1
334,1,424,1
334,1,469,1
334,1,523,1
334,1,589,1
334,2,94,3
334,2,300,5
334,2,329,1
334,2,397,5
334,2,408,1
334,2,424,3
334,3,101,2
334,3,207,1
335,1,90,1
335,1,124,3
335,1,125,2
335,1,168,3
335,1,234,2
335,1,251,1
335,1,259,1
335,1,269,1
335,1,309,2
335,1,314,3
335,1,349,1
335,1,363,1
335,1,387,1
335,1,422,3
335,1,434,1
335,1,440,2
335,1,442,1
335,1,454,1
335,1,455,1
335,1,457,1
335,1,469,1
335,1,485,2
335,1,507,1
335,1,546,1
335,1,558,3
335,1,566,3
335,1,584,1
335,2,158,2
335,2,165,3
335,2,202,1
335,2,408,1
335,2,454,2
335,2,537,1
335,2,545,3
335,3,207,1
335,3,342,3
336,1,90,4
336,1,119,2
336,1,156,1
336,1,159,1
336,1,162,1
336,1,183,2
336,1,234,1
336,1,251,1
336,1,259,1
336,1,309,1
336,1,313,1
336,1,342,3
336,1,363,1
336,1,384,1
336,1,394,1
336,1,422,2
336,1,434,3
336,1,440,3
336,1,443,3
336,1,454,1
336,1,455,1
336,1,469,1
336,1,497,1
336,1,523,1
336,1,545,3
336,1,546,5
336,1,547,2
336,1,552,1
336,1,559,1
336,2,342,3
336,3,207,1
336,3,342,4
337,1,159,1
337,1,183,1
337,1,231,1
337,1,259,1
337,1,309,1
337,1,313,2
337,1,422,1
337,1,440,2
337,1,442,1
337,1,443,1
337,1,485,1
337,1,505,1
337,1,545,1
337,1,546,4
337,1,559,1
337,2,90,5
337,2,356,1
337,2,358,1
337,2,505,1
337,3,207,1
337,3,342,5
337,3,343,1
337,3,455,1
338,1,138,1
338,1,305,3
339,1,135,5
339,1,168,1
339,1,349,1
340,1,212,1
340,1,320,1
340,1,411,1
340,1,442,1
340,1,485,2
340,1,500,1
340,1,505,1
340,2,202,1
340,2,207,1
340,2,234,1
340,2,359,3
340,2,537,1
340,3,135,3
340,3,207,1
340,3,224,6
340,3,356,1
340,3,357,1
340,3,454,1
340,3,455,1
340,3,457,1
340,3,550,1
341,1,90,5
341,1,125,4
341,1,183,1
341,1,202,3
341,1,286,1
341,1,443,1
341,1,485,1
341,1,505,1
341,1,537,1
341,1,546,2
341,1,547,1
341,1,566,3
341,1,584,1
341,2,202,3
341,2,454,3
341,2,455,3
341,3,159,4
341,3,207,1
341,3,343,6
341,3,357,4
341,3,455,5
341,4,456,1
342,1,90,6
342,1,125,2
342,1,195,1
342,1,207,1
342,1,212,2
342,1,254,2
342,1,286,3
342,1,502,1
342,1,523,2
342,1,546,2
342,1,566,1
342,1,584,1
342,2,202,2
342,2,343,3
342,2,344,1
342,2,356,2
342,2,454,1
342,2,537,1
342,3,202,1
342,3,207,3
342,3,343,5
342,3,344,1
342,3,356,1
342,3,455,2
342,3,457,1
342,4,207,1
342,4,457,5
342,5,457,2
343,1,135,1
343,1,304,6
343,1,459,1
344,1,198,1
344,1,202,1
344,1,212,1
344,1,240,3
344,1,241,1
344,1,254,1
344,1,357,1
344,1,359,2
344,1,408,1
344,1,440,1
344,1,459,3
344,1,462,1
344,1,492,1
344,1,505,1
344,1,526,1
344,2,135,3
344,2,211,2
344,2,359,3
344,3,283,3
345,1,90,5
345,1,125,1
345,1,168,1
345,1,183,1
345,1,212,1
345,1,231,1
345,1,251,1
345,1,286,1
345,1,394,1
345,1,454,1
345,1,456,1
345,1,505,1
345,1,546,5
345,1,566,1
345,1,578,1
345,2,162,1
345,2,357,2
345,2,454,2
345,2,455,3
345,3,207,2
345,3,343,7
345,3,344,2
345,3,356,3
345,3,457,1
346,1,90,5
346,1,125,5
346,1,168,1
346,1,189,1
346,1,231,1
346,1,259,1
346,1,271,1
346,1,279,1
346,1,380,1
346,1,434,1
346,1,440,1
346,1,442,4
346,1,443,5
346,1,485,3
346,1,497,3
346,1,584,1
346,2,162,1
346,2,202,1
346,2,343,1
346,3,159,1
346,3,202,2
346,3,207,1
346,3,343,3
346,3,344,1
346,3,356,1
346,3,454,1
346,3,455,1
346,4,343,1
347,1,90,5
347,1,147,1
347,1,161,1
347,1,183,3
347,1,189,1
347,1,231,3
347,1,251,1
347,1,284,3
347,1,434,2
347,1,440,1
347,1,485,1
347,1,505,1
347,1,545,3
347,1,578,3
347,2,159,1
347,2,202,1
347,2,207,1
347,2,356,1
347,2,455,3
347,2,577,4
347,3,207,1
347,3,343,7
347,3,385,1
347,3,577,1
347,4,343,1
348,1,90,5
348,1,135,2
348,1,144,1
348,1,183,2
348,1,249,2
348,1,300,3
348,1,314,1
348,1,359,3
348,1,408,1
348,1,443,3
348,1,485,3
348,1,524,1
348,1,545,5
348,1,546,3
348,2,159,1
348,2,342,1
348,2,356,1
348,2,359,4
348,2,442,3
348,2,454,1
348,2,578,1
348,3,207,1
348,3,342,2
348,3,343,3
349,1,90,2
349,1,120,3
349,1,144,1
349,1,162,1
349,1,168,1
349,1,232,3
349,1,251,3
349,1,302,1
349,1,320,3
349,1,347,1
349,1,411,1
349,1,440,1
349,1,445,1
349,1,456,1
349,1,485,3
349,1,494,1
349,1,496,1
349,1,497,1
349,1,545,2
349,1,546,1
349,1,558,1
349,1,568,1
349,1,578,1
349,1,584,3
349,1,589,1
349,2,356,1
349,2,454,1
349,3,133,1
349,3,207,3
349,3,343,5
349,3,358,1
349,3,455,3
350,1,90,1
350,1,143,3
350,1,168,1
350,1,183,1
350,1,356,1
350,1,440,3
350,1,443,3
350,1,445,1
350,1,455,1
350,1,483,1
350,1,485,5
350,1,523,2
350,1,546,8
350,1,572,1
350,2,165,1
350,2,343,5
350,3,356,1
350,3,385,2
351,1,251,1
351,1,300,4
351,1,455,2
351,1,485,4
351,1,494,1
351,1,524,1
351,1,541,1
351,1,545,3
351,1,578,1
351,1,584,2
351,2,135,4
351,2,202,1
351,2,270,1
351,3,159,3
351,3,224,1
351,3,342,4
351,3,343,4
351,3,356,1
351,3,385,1
351,3,455,1
352,1,90,1
352,1,135,4
352,1,231,1
352,1,251,3
352,1,270,1
352,1,300,5
352,1,313,1
352,1,445,1
352,1,455,2
352,1,485,4
352,1,494,1
352,1,524,1
352,1,545,3
352,1,546,2
352,1,584,2
352,2,202,2
352,2,356,1
352,2,385,1
352,2,455,2
352,2,484,1
352,3,159,3
352,3,343,5
352,3,385,1
352,3,485,1
353,1,144,1
353,1,168,1
353,1,183,2
353,1,251,2
353,1,455,2
353,1,485,5
353,1,492,1
353,1,524,1
353,1,546,4
353,1,558,3
353,1,584,1
353,2,202,1
353,2,356,2
353,3,190,2
353,3,343,5
353,3,356,1
354,1,90,1
354,1,144,1
354,1,159,2
354,1,183,2
354,1,202,1
354,1,231,1
354,1,300,3
354,1,313,2
354,1,440,1
354,1,443,3
354,1,445,1
354,1,455,4
354,1,485,5
354,1,492,1
354,1,494,1
354,1,497,1
354,1,524,1
354,1,545,4
354,1,546,5
354,2,356,1
354,3,343,3
354,3,385,1
354,3,484,1
355,1,90,2
355,1,183,1
355,1,231,1
355,1,270,1
355,1,314,3
355,1,353,1
355,1,394,1
355,1,423,1
355,1,440,1
355,1,443,3
355,1,455,2
355,1,485,2
355,1,523,1
355,1,545,5
355,1,546,6
355,1,568,1
355,2,385,1
355,2,455,2
355,2,577,1
355,3,343,4
355,3,385,1
355,3,455,1
356,1,90,4
356,1,125,3
356,1,231,3
356,1,259,1
356,1,353,1
356,1,440,3
356,1,485,1
356,1,497,2
356,1,546,4
356,1,579,1
356,2,270,1
356,2,343,4
356,2,454,3
356,2,577,1
356,3,159,1
356,3,207,1
356,3,343,5
356,3,356,1
356,3,455,2
357,1,90,4
357,1,183,3
357,1,252,1
357,1,314,1
357,1,440,1
357,1,443,2
357,1,485,1
357,1,545,5
357,1,546,3
357,1,584,1
357,2,270,4
357,2,300,1
357,2,455,2
357,3,135,1
357,3,202,1
357,3,342,1
357,3,343,4
357,3,385,3
358,1,90,3
358,1,145,1
358,1,162,1
358,1,440,1
358,1,485,1
358,1,492,1
358,1,541,1
358,1,545,2
358,1,578,2
358,1,584,3
358,2,135,4
358,2,202,1
358,2,270,1
358,2,455,1
358,3,159,1
358,3,207,2
358,3,343,6
358,3,358,1
359,1,90,1
359,1,485,7
359,1,546,1
359,2,455,2
359,3,207,1
359,3,343,9
359,3,356,1
360,2,89,1
360,2,98,1
360,2,161,1
360,2,168,1
360,2,172,3
360,2,211,1
360,2,310,1
360,2,392,1
360,2,411,1
360,2,469,1
360,2,485,1
360,2,533,9
360,2,537,3
360,3,207,1
360,3,295,3
360,3,358,3
360,3,456,3
360,3,457,1
360,5,456,9
361,1,408,5
361,1,537,4
361,1,566,6
361,2,202,7
361,2,207,3
361,2,295,5
361,2,359,3
361,3,456,3
361,3,457,5
361,4,456,2
361,4,457,3
362,1,98,1
362,1,123,3
362,1,125,1
362,1,141,1
362,1,143,1
362,1,145,1
362,1,161,1
362,1,172,3
362,1,179,1
362,1,211,3
362,1,212,1
362,1,286,1
362,1,292,1
362,1,323,1
362,1,427,3
362,1,434,5
362,1,456,1
362,1,469,1
362,1,523,3
362,1,546,5
362,1,566,1
362,2,202,3
362,2,252,1
362,2,537,7
362,2,547,7
362,3,207,1
362,3,456,2
362,3,457,3
362,4,456,2
363,1,90,1
363,1,141,1
363,1,142,1
363,1,143,1
363,1,144,2
363,1,168,1
363,1,172,1
363,1,211,1
363,1,231,1
363,1,286,1
363,1,434,1
363,1,442,1
363,1,456,1
363,1,546,1
363,1,552,1
363,2,101,1
363,2,125,1
363,2,141,1
363,2,143,1
363,2,144,1
363,2,158,1
363,2,207,1
363,2,257,8
363,2,343,1
363,2,357,1
363,2,454,3
363,2,524,1
363,2,537,1
363,2,546,3
363,3,343,1
363,3,454,1
364,1,168,3
364,1,172,5
364,1,234,1
364,1,303,1
364,1,434,3
364,1,530,3
364,2,357,1
364,2,533,7
364,2,537,5
364,2,547,3
364,3,207,3
364,3,252,1
364,3,365,1
364,3,456,3
364,3,483,3
364,4,207,5
364,4,456,1
364,4,483,5
364,5,333,3
364,5,456,6
364,5,483,1
365,1,168,3
365,1,271,3
365,1,434,3
365,2,90,7
365,2,125,3
365,2,212,5
365,2,232,1
365,2,252,7
365,2,279,7
365,2,380,5
365,2,440,5
365,2,537,3
365,2,547,1
365,3,183,5
365,3,207,3
365,3,359,1
365,4,343,5
365,4,457,6
365,5,456,1
366,1,94,3
366,1,212,3
366,1,234,1
366,1,286,1
366,1,440,3
366,2,90,3
366,2,119,5
366,2,202,3
366,2,395,3
366,2,537,5
366,2,546,5
366,2,584,5
366,3,357,4
366,3,358,3
366,3,454,4
366,3,455,3
366,4,457,1
367,1,183,1
367,1,286,1
367,1,320,3
367,1,328,1
367,1,329,1
367,1,423,3
367,1,440,3
367,1,443,1
367,1,485,4
367,1,524,1
367,1,537,1
367,1,545,3
367,2,135,4
367,2,202,1
367,2,224,1
367,2,251,1
367,2,344,1
367,2,358,1
367,2,454,1
367,2,457,1
367,3,207,1
367,3,224,3
367,3,343,4
367,3,385,1
367,3,455,4
367,3,457,3
368,1,163,5
368,1,168,5
368,1,179,5
368,1,212,1
368,1,226,1
368,1,240,1
368,1,279,1
368,1,292,1
368,1,328,1
368,1,349,1
368,1,370,4
368,1,517,1
369,1,98,3
369,1,163,2
369,1,168,3
369,1,179,3
369,1,234,1
369,1,240,7
369,1,259,3
369,1,349,1
369,1,368,3
369,1,547,4
369,1,548,1
370,1,98,3
370,1,139,3
370,1,163,2
370,1,168,3
370,1,179,3
370,1,188,1
370,1,212,1
370,1,226,1
370,1,232,3
370,1,234,1
370,1,240,7
370,1,259,3
370,1,279,1
370,1,349,1
370,1,355,1
370,1,368,3
370,1,370,1
370,1,397,1
370,1,405,1
370,1,407,1
370,1,547,4
370,1,548,1
371,1,168,4
371,1,179,1
371,1,226,4
371,1,240,7
371,1,259,3
371,1,279,2
371,1,336,1
371,1,349,1
371,1,368,1
371,1,407,1
371,1,480,1
371,1,512,3
371,1,547,5
371,1,548,1
371,1,555,1
372,1,168,1
372,1,188,1
372,1,212,1
372,1,219,2
372,1,240,4
372,1,310,1
372,1,320,1
372,1,408,3
372,1,442,4
372,1,477,1
372,1,507,4
372,1,512,1
372,2,138,7
372,2,323,1
372,2,338,1
372,2,543,5
373,1,138,1
373,1,141,2
373,1,188,1
373,1,212,1
373,1,219,3
373,1,240,3
373,1,241,6
373,1,323,6
373,1,336,1
373,1,442,2
373,1,543,1
374,1,226,5
374,1,240,5
374,1,349,1
374,1,355,3
374,1,376,5
375,1,240,1
375,1,241,9
375,1,551,1
376,1,112,1
376,1,135,1
376,1,163,1
376,1,168,4
376,1,172,1
376,1,185,4
376,1,188,1
376,1,191,1
376,1,195,1
376,1,212,3
376,1,228,1
376,1,240,3
376,1,254,1
376,1,268,1
376,1,368,1
376,1,403,1
376,1,432,1
376,1,434,1
376,1,449,1
376,1,450,1
376,1,480,1
376,1,512,1
376,1,532,1
376,2,179,3
376,4,456,1
377,1,172,1
377,1,183,1
377,1,188,1
377,1,338,3
377,1,475,1
377,1,498,1
377,1,503,4
377,1,577,1
377,2,323,4
377,2,513,2
377,2,543,9
378,1,125,4
378,1,145,1
378,1,434,4
378,1,566,3
378,2,537,7
378,2,547,6
378,3,207,5
378,3,343,3
378,3,356,3
378,5,333,1
378,5,456,4
378,5,483,1
379,1,152,1
379,1,358,1
379,1,434,4
379,1,523,1
379,1,537,3
379,1,566,6
379,4,207,1
379,4,343,4
379,4,358,5
379,4,456,5
379,4,483,1
379,5,456,5
380,1,125,5
380,1,158,1
380,1,250,5
380,1,324,5
380,1,547,5
380,2,358,1
380,3,207,3
380,3,456,3
381,1,90,1
381,1,286,1
381,1,442,1
381,2,125,4
381,2,250,4
381,2,537,5
381,2,547,5
381,2,566,4
381,3,207,1
381,3,343,5
381,3,456,5
381,3,483,1
381,4,456,3
385,2,537,1
385,2,566,1
385,3,135,3
385,3,138,6
385,3,356,1
385,3,358,1
385,3,457,8
385,4,457,1
386,2,90,3
386,2,259,3
386,2,408,1
386,2,440,3
386,2,485,5
386,2,559,4
386,3,343,1
386,3,344,7
387,1,485,5
387,2,500,1
387,2,523,1
387,2,559,1
387,2,566,1
387,3,342,7
387,3,343,3
387,3,357,1
387,3,359,3
387,4,133,1
387,4,207,1
388,3,207,3
388,3,343,7
388,3,356,3
388,5,89,1
390,1,145,1
390,1,152,3
390,1,168,3
390,1,212,3
390,1,234,1
390,1,271,1
390,1,279,3
390,1,286,1
390,1,323,1
390,1,403,1
390,1,434,4
390,1,469,1
390,1,523,1
390,1,533,3
390,1,566,4
390,2,537,5
390,2,547,5
390,3,207,4
390,3,357,3
390,3,358,5
390,3,484,1
390,4,456,6
390,5,456,3
393,1,90,3
393,1,120,3
393,1,152,1
393,1,546,3
393,2,183,1
393,2,537,5
393,2,547,5
393,2,566,1
393,3,202,1
393,3,343,3
393,3,358,3
393,3,454,3
393,3,584,5
393,4,456,6
393,4,457,6
393,5,456,3
393,5,457,3
394,1,125,5
394,1,389,4
394,1,392,1
394,1,537,4
394,1,566,3
394,1,584,1
394,2,152,1
394,3,202,1
394,3,207,1
394,3,251,3
394,3,252,1
394,3,343,5
394,3,357,1
394,3,358,1
394,3,454,1
394,3,455,1
394,3,484,1
394,4,456,7
394,4,457,3
394,4,484,1
394,5,456,2
394,5,457,2
395,1,90,5
395,1,212,1
395,1,234,5
395,1,546,4
395,3,202,1
395,3,207,1
395,3,343,1
395,3,356,4
395,3,454,1
395,3,584,5
395,4,456,3
395,4,457,3
1393,1,434,4
1393,1,523,1
1393,2,152,1
1393,2,566,5
1393,4,207,1
1393,4,343,4
1393,4,358,5
1393,4,456,6
1393,4,483,1
1393,5,456,3